Time_s,Power_W,GPU_Temp_No_PCM_degC,PCM_Melt_No_PCM_frac,GPU_Temp_Uniform_PCM_degC,PCM_Melt_Uniform_PCM_frac,GPU_Temp_Hydra_Core_degC,PCM_Melt_Hydra_Core_frac
0.0,875.0,34.97934441309676,0.0,34.97950809003464,0.0,34.978932309572805,0.0
0.05,895.0,34.95405973925702,0.0,34.95359660272195,0.0,34.95293794791786,0.0
0.1,875.0,34.92863437150471,0.0,34.92743598038612,0.0,34.9267736816776,0.0
0.15000000000000002,855.0,34.9032567620882,0.0,34.90131885164366,0.0,34.90065874189573,0.0
0.2,875.0,34.877973575011026,0.0,34.87530365499808,0.0,34.87464367494732,0.0
0.25,895.0,34.852769265086316,0.0,34.84937197015463,0.0,34.848711858819236,0.0
0.30000000000000004,875.0,34.82760231707846,0.0,34.82347751835759,0.0,34.822819655616186,0.0
0.35000000000000003,855.0,34.80248810163933,0.0,34.79763890910008,0.0,34.796983568570425,0.0
0.4,875.0,34.777467795869256,0.0,34.77190207227394,0.0,34.77124687034731,0.0
0.45,895.0,34.75252568681343,0.0,34.746248026285166,0.0,34.7455926847963,0.0
0.5,875.0,34.72762025580601,0.0,34.72063046905331,0.0,34.71997736703064,0.0
0.55,855.0,34.70276687512268,0.0,34.695068010934236,0.0,34.6944174219683,0.0
0.6000000000000001,875.0,34.67800672363892,0.0,34.66960658376485,0.0,34.66895612425971,0.0
0.65,895.0,34.65332409017482,0.0,34.64422720793976,0.0,34.64357659974489,0.0
0.7000000000000001,875.0,34.628677457835096,0.0,34.61888358336404,0.0,34.61823520552273,0.0
0.75,855.0,34.604082200661594,0.0,34.59359432237369,0.0,34.592948448491306,0.0
0.8,875.0,34.57957949929091,0.0,34.56840535878066,0.0,34.56775960527609,0.0
0.8500000000000001,895.0,34.55515364430006,0.0,34.54329771494919,0.0,34.54265180368666,0.0
0.9,875.0,34.53076312054603,0.0,34.51822509274865,0.0,34.51758140278623,0.0
0.9500000000000001,855.0,34.506423303818,0.0,34.493206106474226,0.0,34.49256491143196,0.0
1.0,875.0,34.48217537649594,0.0,34.46828669189157,0.0,34.467645608203114,0.0
1.05,895.0,34.458003630895156,0.0,34.44344787331351,0.0,34.44280662285786,0.0
1.1,875.0,34.43386655360657,0.0,34.41864335455278,0.0,34.41800431640268,0.0
1.1500000000000001,855.0,34.40977952214904,0.0,34.39389175184268,0.0,34.39325519963289,0.0
1.2000000000000002,875.0000000000001,34.38578372062725,0.0,34.36923900288176,0.0,34.36860255306056,0.0
1.25,895.0,34.36186344307709,0.0,34.34466613391058,0.0,34.34402950837167,0.0
1.3,875.0,34.33797717780529,0.0,34.320126850664344,0.0,34.31949242849523,0.0
1.35,855.0,34.31414030404227,0.0,34.29563977129386,0.0,34.295007826143845,0.0
1.4000000000000001,875.0000000000001,34.29039400759967,0.0,34.27125083540986,0.0,34.27061898374195,0.0
1.4500000000000002,895.0,34.26672258421599,0.0,34.24694107115998,0.0,34.24630903488243,0.0
1.5,707.4507122951685,34.24291337550307,0.0,34.222474611631064,0.0,34.22185482693339,0.0
1.55,697.9260354824322,34.21922890703927,0.0,34.19815053138022,0.0,34.197533752363356,0.0
1.6,709.7153280715104,34.19562408624262,0.0,34.17391340611017,0.0,34.17329722073026,0.0
1.6500000000000001,400.23029856408033,34.17176032364067,0.0,34.14938603412569,0.0,34.14878950130799,0.0
1.7000000000000002,382.6584662527667,34.148060524069294,0.0,34.12504944581128,0.0,34.12445726285062,0.0
1.75,382.65863043050825,34.12443287728044,0.0,34.100792796945306,0.0,34.100202043995864,0.0
1.8,400.79212815507395,34.100885701497866,0.0,34.07662244289442,0.0,34.07603178380068,0.0
1.85,392.67434729152916,34.07738465470557,0.0,34.052499334088864,0.0,34.05191020106713,0.0
1.9000000000000001,380.30525614065056,34.0539352186133,0.0,34.02843043469551,0.0,34.02784325293345,0.0
1.9500000000000002,390.4256004358597,34.03056216914043,0.0,34.00444355951771,0.0,34.00385701847022,0.0
2.0,693.0487346078131,34.00755544593492,0.0,33.98085901388937,0.0,33.98025540089611,0.0
2.0500000000000003,693.0140536964461,33.98449146732023,0.0,33.957195740332445,0.0,33.95659117310369,0.0
2.1,703.6294340734905,33.96149506298794,0.0,33.93360179434958,0.0,33.932997581290174,0.0
2.15,671.300796330133,33.93852141523687,0.0,33.91002936747601,0.0,33.90942813997106,0.0
2.2,367.7508216748697,33.91531001949228,0.0,33.886191700008226,0.0,33.88561003642885,0.0
2.25,379.3771247075903,33.89228890674286,0.0,33.862574100418676,0.0,33.861994990307316,0.0
2.3000000000000003,374.8716887966558,33.86932222021676,0.0,33.839015646124366,0.0,33.83843800945777,0.0
2.35,388.1424733259528,33.846430722725785,0.0,33.8155376168448,0.0,33.814960359541885,0.0
2.4000000000000004,375.91975924478794,33.82358137380217,0.0,33.79210267373754,0.0,33.79152720006175,0.0
2.45,370.87696298664713,33.80079106456293,0.0,33.76873040835973,0.0,33.768156453472066,0.0
2.5,721.9847315338233,33.778420947428955,0.0,33.74582076454415,0.0,33.7452269104986,0.0
2.5500000000000003,696.613355492702,33.755947439856776,0.0,33.72277950304654,0.0,33.72218586425325,0.0
2.6,701.0129230703188,33.73354287600927,0.0,33.69980975570938,0.0,33.69921697449942,0.0
2.6500000000000004,370.7525181378655,33.71085787097983,0.0,33.67652614517031,0.0,33.675954263916665,0.0
2.7,379.5561727547482,33.688368820897544,0.0,33.653469701772885,0.0,33.652900690929286,0.0
2.75,386.1092258970987,33.665945489407775,0.0,33.6304852485607,0.0,33.62991705815401,0.0
2.8000000000000003,373.490064225777,33.64356524428406,0.0,33.607545284744035,0.0,33.60697893282859,0.0
2.85,388.7569801834568,33.621263789947264,0.0,33.58468997450618,0.0,33.58412391079438,0.0
2.9000000000000004,378.993613100812,33.59900477543343,0.0,33.56187808485429,0.0,33.56131362478297,0.0
2.95,382.08306250206726,33.57681059561168,0.0,33.53913521480524,0.0,33.53857174554546,0.0
3.0,690.9744008165591,33.55498875323001,0.0,33.51680164719255,0.0,33.51622073287314,0.0
3.0500000000000003,727.7841727676341,33.53314185309874,0.0,33.49442488446145,0.0,33.49384072034636,0.0
3.1,699.797541628931,33.511305591347785,0.0,33.47205292941574,0.0,33.47147113353393,0.0
3.1500000000000004,374.42289071044104,33.48920423746537,0.0,33.449384970120484,0.0,33.44882395495684,0.0
3.2,393.22544912103194,33.467305986454456,0.0,33.42695215945553,0.0,33.42639337201595,0.0
3.25,372.79156350028984,33.445440431007086,0.0,33.40455437102762,0.0,33.40399793081061,0.0
3.3000000000000003,387.0886359500476,33.42365433109269,0.0,33.38224238910007,0.0,33.38168633220703,0.0
3.35,365.4032987612023,33.40189761211826,0.0,33.35995949702956,0.0,33.3594057503951,0.0
3.4000000000000004,371.71813951101575,33.38021234022526,0.0,33.33775346780972,0.0,33.33720058271899,0.0
3.45,386.9686123586913,33.358597017508046,0.0,33.31562179309314,0.0,33.31506905328997,0.0
3.5,711.0769986999312,33.337363188487714,0.0,33.29390900026052,0.0,33.293337789960084,0.0
3.5500000000000003,702.5705242178495,33.31605044450697,0.0,33.27209267737394,0.0,33.27152080366097,0.0
3.6,698.2652757641764,33.294788497167744,0.0,33.25032736331972,0.0,33.24975672153988,0.0
3.6500000000000004,381.98896304410715,33.27326059840195,0.0,33.22826453075948,0.0,33.227713959420804,0.0
3.7,370.2147800963258,33.25189929715481,0.0,33.20639591586313,0.0,33.20584931335935,0.0
3.75,377.80155791605296,33.230609636418464,0.0,33.18460663433957,0.0,33.1840608833355,0.0
3.8000000000000003,380.3936122904022,33.209375472110295,0.0,33.16287577039828,0.0,33.16233090433372,0.0
3.85,395.5712222621892,33.18821112523414,0.0,33.14121908120863,0.0,33.14067436054168,0.0
3.9000000000000004,388.4361828956847,33.16708879753141,0.0,33.11960529673429,0.0,33.11906197223062,0.0
3.95,367.3695984463727,33.14600264261984,0.0,33.098028739470365,0.0,33.09748779375045,0.0
4.0,704.8612595409219,33.12532446862996,0.0,33.076901978600134,0.0,33.076341994562,0.0
4.05,694.2237657937552,33.10455899150496,0.0,33.05566218952044,0.0,33.05510157398492,0.0
4.1000000000000005,689.8461699954106,33.083843494459366,0.0,33.03447253663072,0.0,33.03391314643117,0.0
4.15,391.11676288840874,33.06287859224897,0.0,33.013003740022164,0.0,33.01246334776121,0.0
4.2,395.30999522495955,33.04208833917315,0.0,32.991737412438425,0.0,32.99119988810785,0.0
4.25,394.31280119116207,33.021353088419474,0.0,32.97053124486758,0.0,32.969994946453255,0.0
4.3,376.60782476777365,33.00065428903222,0.0,32.94936264188463,0.0,32.94882847586924,0.0
4.3500000000000005,381.9078762414879,32.9800217686536,0.0,32.92826520091192,0.0,32.92773189573774,0.0
4.4,388.3126343140357,32.959447767858926,0.0,32.90722953658507,0.0,32.90669687242669,0.0
4.45,394.75545127122365,32.9389314888846,0.0,32.88625455003892,0.0,32.88572250438566,0.0
4.5,692.8123864323206,32.91877062423807,0.0,32.86566996559224,0.0,32.86512103049716,0.0
4.55,697.2151153500428,32.89855141516776,0.0,32.845005816571465,0.0,32.844455585962386,0.0
4.6000000000000005,683.4049753899096,32.87836574432714,0.0,32.82437332295614,0.0,32.82382477655463,0.0
4.65,373.0379337591933,32.85792089134307,0.0,32.8034511682274,0.0,32.80292235715797,0.0
4.7,393.125258223942,32.837670173276216,0.0,32.7827536337764,0.0,32.78222680138073,0.0
4.75,398.5624002857083,32.81747360654027,0.0,32.7621148114765,0.0,32.761588694404544,0.0
4.800000000000001,384.27989878419675,32.79731291445836,0.0,32.74151257146447,0.0,32.74098830921399,0.0
4.8500000000000005,395.0353289789203,32.777221266735026,0.0,32.720984394786846,0.0,32.72046061787916,0.0
4.9,388.6163602504764,32.75717147546969,0.0,32.70049932320014,0.0,32.69997689620078,0.0
4.95,378.54880245394884,32.737166073372315,0.0,32.68006066411228,0.0,32.67953991181934,0.0
5.0,705.4209340826262,32.71755072148677,0.0,32.66005156613875,0.0,32.65951229490299,0.0
5.050000000000001,723.0705484969895,32.69787817320853,0.0,32.639963194374,0.0,32.6394216205473,0.0
5.1000000000000005,699.4626094133507,32.67822227908562,0.0,32.6198870610913,0.0,32.61934763334468,0.0
5.15,400.6464365581401,32.658321251110365,0.0,32.599537135138725,0.0,32.59901678850001,0.0
5.2,358.80254895910264,32.63854531378269,0.0,32.57933499575387,0.0,32.57882024729865,0.0
5.25,393.2190250437523,32.618875732907895,0.0,32.559251820704795,0.0,32.55873645176537,0.0
5.300000000000001,385.8704706823818,32.59923722028684,0.0,32.53919926516069,0.0,32.53868514337841,0.0
5.3500000000000005,382.0099264953414,32.57964846723217,0.0,32.51919897054464,0.0,32.518686131756425,0.0
5.4,385.91760776535506,32.560116375766405,0.0,32.4992587303335,0.0,32.49874669923209,0.0
5.45,365.1243108539911,32.54061253371698,0.0,32.47934675795606,0.0,32.47883696078011,0.0
5.5,696.7049216824373,32.521506281704795,0.0,32.459873086969424,0.0,32.45934453865588,0.0
5.550000000000001,705.3566885726761,32.50233061041518,0.0,32.4403065291361,0.0,32.43977617113949,0.0
5.6000000000000005,722.1684106711227,32.48321501748812,0.0,32.420800670981784,0.0,32.420270074275216,0.0
5.65,379.8172978172636,32.46379286776714,0.0,32.40095147049239,0.0,32.40044227204532,0.0
5.7,376.9150639710682,32.44455073004996,0.0,32.38131235087556,0.0,32.3808066763237,0.0
5.75,379.9824295641547,32.42536694360648,0.0,32.36173782352876,0.0,32.36123313957245,0.0
5.800000000000001,394.1540211770208,32.406246644990844,0.0,32.34223082724079,0.0,32.34172627897817,0.0
5.8500000000000005,388.2875110965969,32.38716471982033,0.0,32.32276288333496,0.0,32.32225958313116,0.0
5.9,379.70239796232966,32.36812591452827,0.0,32.30333995396321,0.0,32.30283819578025,0.0
5.95,390.1326743311336,32.349150817031706,0.0,32.283985108633246,0.0,32.283483777267975,0.0
6.0,701.4561632402206,32.33053929577839,0.0,32.26502977456852,0.0,32.26451067706162,0.0
6.050000000000001,714.5296748579933,32.311869070295494,0.0,32.24599402696735,0.0,32.2454729598407,0.0
6.1000000000000005,689.4692035918397,32.2932133416165,0.0,32.226968493696724,0.0,32.22644965880733,0.0
6.15,381.7233785340224,32.27430136791294,0.0,32.20765703171165,0.0,32.20715778748153,0.0
6.2,381.07891846867847,32.25555746352434,0.0,32.18854140269263,0.0,32.188045307792024,0.0
6.25,370.36485051867885,32.23685527943435,0.0,32.16947163551695,0.0,32.16897730832169,0.0
6.300000000000001,387.9612027706458,32.21822412181757,0.0,32.150478300752226,0.0,32.149983977878826,0.0
6.3500000000000005,387.61055272179897,32.19963452628667,0.0,32.13152755534564,0.0,32.13103411298436,0.0
6.4,385.05113456642465,32.18109075220548,0.0,32.112624610756676,0.0,32.11213229010844,0.0
6.45,382.6541286662486,32.1625938955178,0.0,32.09377090058156,0.0,32.09327971277855,0.0
6.5,678.7694388692438,32.14444872670298,0.0,32.07530403073835,0.0,32.07479605622991,0.0
6.550000000000001,693.6903201585196,32.12625155438922,0.0,32.05676491121556,0.0,32.056254948918955,0.0
6.6000000000000005,694.8592822520984,32.1080939003352,0.0,32.03826380882206,0.0,32.03775448111675,0.0
6.65,376.9772273077839,32.08965818026334,0.0,32.01945158554084,0.0,32.01896225618679,0.0
6.7,383.38714288333995,32.07140011675579,0.0,32.00084604571992,0.0,32.000359481161155,0.0
6.75,389.04050856814547,32.053196601095294,0.0,31.982300395593974,0.0,31.981814552226634,0.0
6.800000000000001,403.86185901210536,32.03505356425188,0.0,31.963818823618436,0.0,31.963333014820755,0.0
6.8500000000000005,386.7457781283184,32.01693457567961,0.0,31.94536045500227,0.0,31.944876524130475,0.0
6.9,387.5755039072277,31.998870157637967,0.0,31.926960298306497,0.0,31.926477382867624,0.0
6.95,384.2555408423384,31.980849343752666,0.0,31.908605740379333,0.0,31.908123978206913,0.0
7.0,671.2184317705144,31.963169951275447,0.0,31.89062670531165,0.0,31.890128691838278,0.0
7.050000000000001,699.6022918682618,31.945454644283842,0.0,31.872593649117217,0.0,31.872092884634135,0.0
7.1000000000000005,700.9034531491154,31.927772627285204,0.0,31.854591280768577,0.0,31.854091034970722,0.0
7.15,409.6324211248529,31.90983828466824,0.0,31.83630623104073,0.0,31.83582436003166,0.0
7.2,383.0763903521888,31.89203631072257,0.0,31.818176664291844,0.0,31.817699331799986,0.0
7.25,388.0154734233362,31.874299421052164,0.0,31.80011980152933,0.0,31.79964342902587,0.0
7.300000000000001,384.6528823029476,31.856603861194607,0.0,31.782106118761945,0.0,31.781630872729824,0.0
7.3500000000000005,373.31321962380474,31.83894414009313,0.0,31.764129484368627,0.0,31.76365587847804,0.0
7.4,396.4282281451503,31.82135852744864,0.0,31.746232652423632,0.0,31.745758675086886,0.0
7.45,392.5193303268678,31.803805983329443,0.0,31.728368855884362,0.0,31.727895892138566,0.0
7.5,711.8654792056457,31.786626690024125,0.0,31.710915717465024,0.0,31.71042453304224,0.0
7.550000000000001,686.359188178079,31.76934259483892,0.0,31.69333098712852,0.0,31.692840041354657,0.0
7.6000000000000005,721.0419146640415,31.75214525224943,0.0,31.67583809827781,0.0,31.67534600604901,0.0
7.65,370.98148937207725,31.73462195002603,0.0,31.657980078060387,0.0,31.657509663107632,0.0
7.7,390.86857093800273,31.717299777129302,0.0,31.640355854391032,0.0,31.639887565453495,0.0
7.75,406.90455625809983,31.700035455342984,0.0,31.62279495012724,0.0,31.622326642146493,0.0
7.800000000000001,375.0946367486932,31.682777367944585,0.0,31.60523760412459,0.0,31.604772014121036,0.0
7.8500000000000005,379.33702270397237,31.665580763215978,0.0,31.587746773978665,0.0,31.58728206070819,0.0
7.9,385.99651365087647,31.648434538636998,0.0,31.57030909436325,0.0,31.569844883765203,0.0
7.95,379.9652434588381,31.63132426958446,0.0,31.552908232510934,0.0,31.552445252163587,0.0
8.0,676.740048534008,31.614564045203288,0.0,31.535892567338202,0.0,31.53541272543702,0.0
8.05,701.0284446220904,31.597757555915496,0.0,31.51881111195392,0.0,31.518328660867795,0.0
8.1,684.0654442941084,31.580964803381637,0.0,31.50173884376668,0.0,31.501257994321243,0.0
8.15,389.7359243063519,31.563921393486535,0.0,31.484386570733303,0.0,31.483924371339263,0.0
8.200000000000001,375.805757657662,31.54702231830855,0.0,31.46720337427754,0.0,31.466744949623745,0.0
8.25,400.49934405017547,31.530201305210646,0.0,31.450106855186903,0.0,31.44964808344229,0.0
8.3,377.1674670766377,31.513391045782146,0.0,31.43301882934245,0.0,31.432562203366295,0.0
8.35,381.7793848379433,31.496638109320088,0.0,31.415992355070316,0.0,31.415536503789674,0.0
8.4,393.13517217369673,31.47993895042034,0.0,31.399022743806153,0.0,31.398567088376986,0.0
8.450000000000001,372.6913568356605,31.46325803366428,0.0,31.38207016980016,0.0,31.381616558325923,0.0
8.5,703.4118990190619,31.44696624098718,0.0,31.365546653667746,0.0,31.365074222579178,0.0
8.55,719.6071413142364,31.430605718369023,0.0,31.348931253096605,0.0,31.34845645124273,0.0
8.6,675.8877514815816,31.414233188455952,0.0,31.332296621854393,0.0,31.33182504886378,0.0
8.65,386.8463385853231,31.397624743143204,0.0,31.315399468586758,0.0,31.314946397878433,0.0
8.700000000000001,387.5988279424843,31.381172756498852,0.0,31.298684861227674,0.0,31.29823464211868,0.0
8.75,392.81822871777314,31.36477203930379,0.0,31.282026674285497,0.0,31.281577155394015,0.0
8.8,372.63049289121926,31.34839155952357,0.0,31.26538818133979,0.0,31.26494072947048,0.0
8.85,371.7954338691573,31.33206071735864,0.0,31.24880278355468,0.0,31.248356402646113,0.0
8.9,390.219415656169,31.31579185063947,0.0,31.232283567076106,0.0,31.231836977235748,0.0
8.950000000000001,387.9698467323319,31.29955601404848,0.0,31.21579756210785,0.0,31.21535186030764,0.0
9.0,703.7573927551881,31.283685765925217,0.0,31.1997137993267,0.0,31.199250026989777,0.0
9.05,705.1967231424546,31.267736185263406,0.0,31.183526892977444,0.0,31.183061712181125,0.0
9.1,689.7996291763226,31.25180833092291,0.0,31.167358856142535,0.0,31.166895295468382,0.0
9.15,387.3225369716101,31.2356188879278,0.0,31.15089888660795,0.0,31.150454428039282,0.0
9.200000000000001,387.93072473298685,31.219589545854742,0.0,31.13462585352429,0.0,31.13418431754944,0.0
9.25,377.8564858197364,31.20359494774193,0.0,31.11839106975533,0.0,31.117951140753895,0.0
9.3,403.65774511144764,31.187672429812178,0.0,31.102234058898045,0.0,31.101793525671887,0.0
9.35,389.7383292091179,31.171767363921422,0.0,31.086092809603795,0.0,31.0856538031741,0.0
9.4,373.0869650279736,31.155891879387767,0.0,31.06998206224751,0.0,31.069545002931996,0.0
9.450000000000001,391.56553608633834,31.140083281190307,0.0,31.053943547407503,0.0,31.053506362015614,0.0
9.5,685.3797749465901,31.124609092602135,0.0,31.038272229644218,0.0,31.03781814845729,0.0
9.55,711.8062690561368,31.109088342947203,0.0,31.022534836325946,0.0,31.02207797358591,0.0
9.600000000000001,717.3789336851111,31.093600193457405,0.0,31.006827556729196,0.0,31.00637087501277,0.0
9.65,376.79317681648297,31.077801987327682,0.0,30.990773667206593,0.0,30.990338200401176,0.0
9.700000000000001,394.6337612924433,31.062194966406853,0.0,30.97494252656121,0.0,30.974509183661063,0.0
9.75,389.12780926936506,31.04662001110365,0.0,30.959146305856816,0.0,30.958714176040573,0.0
9.8,393.220601599945,31.03109191493433,0.0,30.94339965711492,0.0,30.94296816965473,0.0
9.850000000000001,403.96792982653955,31.01561378297086,0.0,30.927705642252786,0.0,30.927274331525176,0.0
9.9,382.54611883997137,31.000149944103597,0.0,30.912024413264913,0.0,30.911595157632718,0.0
9.950000000000001,377.46263835642515,30.984729422256425,0.0,30.89638935184069,0.0,30.895961388719638,0.0
10.0,875.0,30.96985956250007,0.0,30.881362025998357,0.0,30.88090508639358,0.0
10.05,895.0,30.954856420087637,0.0,30.866164641776855,0.0,30.865703883050234,0.0
10.100000000000001,874.9999999999991,30.939858579392475,0.0,30.850965827809937,0.0,30.850506706151954,0.0
10.15,855.0,30.924886775541378,0.0,30.835793696400064,0.0,30.835336691204933,0.0
10.200000000000001,875.0000000000008,30.909982416564286,0.0,30.82069467737503,0.0,30.820237417275333,0.0
10.25,895.0,30.89512986350481,0.0,30.805649885049466,0.0,30.805192093161732,0.0
10.3,874.9999999999994,30.880287666698326,0.0,30.790613094891754,0.0,30.79015715095345,0.0
10.350000000000001,855.0,30.86547126709396,0.0,30.77560299378442,0.0,30.775149172065714,0.0
10.4,875.0000000000003,30.850721912056798,0.0,30.760665589849044,0.0,30.760211507431535,0.0
10.450000000000001,895.0,30.83602395871792,0.0,30.74578197955835,0.0,30.745327358968126,0.0
10.5,874.9999999999999,30.82133595831468,0.0,30.730905938691198,0.0,30.730453159647315,0.0
10.55,855.0,30.806673352843767,0.0,30.716056155253764,0.0,30.71560549203646,0.0
10.600000000000001,875.000000000001,30.792077390719534,0.0,30.701278638524755,0.0,30.700827708227088,0.0
10.65,895.0,30.77753243011972,0.0,30.686554486132763,0.0,30.686103011292275,0.0
10.700000000000001,874.9999999999992,30.762997023325756,0.0,30.67183747500926,0.0,30.671387835356526,0.0
10.75,855.0,30.74848661337553,0.0,30.657146294310063,0.0,30.65669876413679,0.0
10.8,875.0000000000006,30.734042449721944,0.0,30.64252695446048,0.0,30.642079150871147,0.0
10.850000000000001,895.0,30.719648891578615,0.0,30.62796055423246,0.0,30.62751219977608,0.0
10.9,874.9999999999997,30.70526449225998,0.0,30.61340087169792,0.0,30.61295434611648,0.0
10.950000000000001,855.0,30.690904695834462,0.0,30.59886659715001,0.0,30.598422174746602,0.0
11.0,875.0000000000001,30.67661075278267,0.0,30.584403742148286,0.0,30.583959040038803,0.0
11.05,895.0,30.662367023343275,0.0,30.56999340659597,0.0,30.569548147340786,0.0
11.100000000000001,874.999999999999,30.64813206185314,0.0,30.555589369693145,0.0,30.555145933045566,0.0
11.15,855.0,30.633921313400403,0.0,30.541210322858095,0.0,30.54076898313261,0.0
11.200000000000001,875.0000000000009,30.619776029482722,0.0,30.526902278772553,0.0,30.52646065309635,0.0
11.25,895.0,30.605680571353155,0.0,30.512646338458822,0.0,30.512204149403583,0.0
11.3,874.9999999999993,30.5915934943604,0.0,30.498396282233173,0.0,30.49795590956352,0.0
11.350000000000001,855.0,30.577530244601643,0.0,30.48417080262697,0.0,30.48373252066864,0.0
11.4,875.0000000000005,30.563532074581033,0.0,30.470015913432096,0.0,30.46957733932355,0.0
11.450000000000001,895.0,30.549583346555554,0.0,30.455912716778013,0.0,30.455473573102196,0.0
11.5,686.6572835556171,30.535450228392197,0.0,30.441601892696944,0.0,30.441175864435472,0.0
11.55,687.7628457255184,30.521435513959485,0.0,30.42742795140042,0.0,30.427004051874505,0.0
11.600000000000001,698.8434743587884,30.50747061927302,0.0,30.413308355761483,0.0,30.412884646529296,0.0
11.65,388.4115197481665,30.49322082710442,0.0,30.398870408291312,0.0,30.39846602760838,0.0
11.700000000000001,387.76690799330026,30.4791275788253,0.0,30.38461575550336,0.0,30.38421433453482,0.0
11.75,393.2718324903603,30.465080503919676,0.0,30.37041228703126,0.0,30.37001146823745,0.0
11.8,385.1300189187791,30.45105974317124,0.0,30.356235463395286,0.0,30.355835888975726,0.0
11.850000000000001,399.5353407715732,30.437093366831206,0.0,30.342116720111715,0.0,30.341717119372348,0.0
11.9,382.3534316676205,30.42314039064514,0.0,30.328009858348132,0.0,30.32761197502919,0.0
11.950000000000001,412.20169166589625,30.409260793440353,0.0,30.31398240921907,0.0,30.313583627586304,0.0
12.0,709.385010216475,30.395709610828952,0.0,30.3003152272571,0.0,30.29989918676428,0.0
12.05,687.1426366537557,30.38205570239229,0.0,30.286519708379334,0.0,30.28610369703859,0.0
12.100000000000001,683.9366125290833,30.368439351388805,0.0,30.272761884281426,0.0,30.272346835763955,0.0
12.15,389.8247241524319,30.354559483857326,0.0,30.258709910953367,0.0,30.258313292702894,0.0
12.200000000000001,382.7653721467415,30.340822491518836,0.0,30.244825584466636,0.0,30.244432189088553,0.0
12.25,392.14000494092096,30.32713699785218,0.0,30.230998509825987,0.0,30.230605506012008,0.0
12.3,389.7323762457355,30.313481302224805,0.0,30.217201861437506,0.0,30.21680971797835,0.0
12.350000000000001,384.27171087343135,30.299856484456512,0.0,30.20343703354868,0.0,30.203045999009944,0.0
12.4,376.532062819316,30.286261443302713,0.0,30.189703008834677,0.0,30.189313244445152,0.0
12.450000000000001,369.8515277531414,30.272698103646597,0.0,30.17600204344368,0.0,30.175613501989446,0.0
12.5,693.3022757189947,30.259503222803378,0.0,30.16270713126546,0.0,30.16229998951151,0.0
12.55,712.8459819148521,30.246237616786516,0.0,30.1493185958683,0.0,30.148908796228458,0.0
12.600000000000001,703.211406161953,30.232985528647287,0.0,30.13593929942932,0.0,30.1355305322121,0.0
12.65,372.54261221288016,30.219433634687075,0.0,30.12222560475624,0.0,30.121837469671306,0.0
12.700000000000001,386.7318092585119,30.206059672965544,0.0,30.10871991476073,0.0,30.108333966342958,0.0
12.75,388.85317379728843,30.192721047978242,0.0,30.09525305201185,0.0,30.094867785135673,0.0
12.8,376.1614256379887,30.17940338906068,0.0,30.08180700803092,0.0,30.081423244763833,0.0
12.850000000000001,386.53725105945534,30.166135958892323,0.0,30.068414712063753,0.0,30.06803116629682,0.0
12.9,385.5820871844601,30.152898293249212,0.0,30.055052691426035,0.0,30.05466988876001,0.0
12.950000000000001,373.5702970216938,30.13968314826018,0.0,30.04171320360379,0.0,30.04133187412427,0.0
13.0,705.3668104052242,30.12684605947375,0.0,30.028790585837438,0.0,30.028390172644738,0.0
13.05,708.4117678955236,30.113917286971137,0.0,30.015750869362602,0.0,30.01534871709231,0.0
13.100000000000001,716.2457686476291,30.101025289881466,0.0,30.002746784815734,0.0,30.002344711330306,0.0
13.15,395.5380205203491,30.087836146596235,0.0,29.989410710805636,0.0,29.98902854226854,0.0
13.200000000000001,371.2233063204292,30.07478060937617,0.0,29.976233049419054,0.0,29.975855285577897,0.0
13.25,375.62174960084883,30.061776687561636,0.0,29.963113734527926,0.0,29.962736761592048,0.0
13.3,390.1503526720867,30.048820217528238,0.0,29.950044819262047,0.0,29.94966770338981,0.0
13.350000000000001,390.13785950912217,30.035891874290492,0.0,29.937004117452577,0.0,29.93662763891887,0.0
13.4,390.15047686306053,30.02299710969941,0.0,29.92399814946141,0.0,29.92362239962666,0.0
13.450000000000001,423.52731490654725,30.01017006913766,0.0,29.911064848579606,0.0,29.91068782936809,0.0
13.5,708.5633576603975,29.997654732129128,0.0,29.898473137809518,0.0,29.898079510045942,0.0
13.55,717.033484602709,29.98506999470967,0.0,29.8857905568722,0.0,29.88539515030909,0.0
13.600000000000001,714.310026452398,29.97250876823649,0.0,29.873129081664477,0.0,29.872734354627443,0.0
13.65,391.513912513058,29.959651439618977,0.0,29.86013721134842,0.0,29.859762571091153,0.0
13.700000000000001,381.8473075535966,29.946942741396384,0.0,29.8473205959243,0.0,29.846949485536094,0.0
13.75,392.5896922049327,29.934285591882723,0.0,29.834561723496655,0.0,29.834190907825587,0.0
13.8,377.2717478546243,29.921641880307682,0.0,29.82181524077894,0.0,29.82144600720269,0.0
13.850000000000001,382.6318139326,29.909042442205905,0.0,29.809116027575005,0.0,29.808747297149004,0.0
13.9,380.146364521709,29.896471431318353,0.0,29.79644589487492,0.0,29.796078005202812,0.0
13.950000000000001,385.81874139386326,29.88393991622779,0.0,29.78381726854733,0.0,29.783449773887245,0.0
14.0,734.7198785001026,29.871795320531817,0.0,29.771614705578422,0.0,29.771226948730654,0.0
14.05,671.9910221111238,29.859483226599806,0.0,29.75921031230819,0.0,29.758824606564712,0.0
14.100000000000001,710.2939028556177,29.847262679135795,0.0,29.74690477454761,0.0,29.74651773625387,0.0
14.15,368.87284128810353,29.834711026094332,0.0,29.73422899400228,0.0,29.733862894364034,0.0
14.200000000000001,380.2806813421057,29.82233549842465,0.0,29.72175941142307,0.0,29.72139567500199,0.0
14.25,395.88950596967373,29.810007663177792,0.0,29.70934261835173,0.0,29.70897873240949,0.0
14.3,385.6428001909547,29.7976954692764,0.0,29.69694033570467,0.0,29.696577669887645,0.0
14.350000000000001,374.222552220707,29.785407517792674,0.0,29.684562916750476,0.0,29.684201708394735,0.0
14.4,377.8469629074004,29.77315985707708,0.0,29.672228381344386,0.0,29.671867746093533,0.0
14.450000000000001,391.7959774893468,29.760957127634125,0.0,29.659941293019926,0.0,29.659580507002666,0.0
14.5,689.044500524243,29.749084430395637,0.0,29.64801691922136,0.0,29.647638897099334,0.0
14.55,703.2468788437296,29.737142005081452,0.0,29.636001043086054,0.0,29.63562079496292,0.0
14.600000000000001,700.6835775985572,29.72521922753705,0.0,29.624001743912995,0.0,29.623622092982725,0.0
14.65,378.48399652394187,29.71299916023948,0.0,29.611670743092883,0.0,29.611311110977834,0.0
14.700000000000001,406.43944089325333,29.700964256212245,0.0,29.59955550174531,0.0,29.59919710874976,0.0
14.75,391.3391902231802,29.688938176916416,0.0,29.58744923687362,0.0,29.587092399515008,0.0
14.8,364.748574133424,29.67692194773661,0.0,29.575352190667722,0.0,29.57499774385955,0.0
14.850000000000001,386.86454314769435,29.664970115340882,0.0,29.563325408554245,0.0,29.562970519472298,0.0
14.9,378.3821353523162,29.653032546639984,0.0,29.55131151811342,0.0,29.550957690864077,0.0
14.950000000000001,393.5243333479623,29.64114462877815,0.0,29.539350563589814,0.0,29.538996568157373,0.0
15.0,688.1121889235095,29.62958286868109,0.0,29.527748097247574,0.0,29.527377007453364,0.0
15.05,698.2789533779965,29.617947467094805,0.0,29.51604993023965,0.0,29.51567686053371,0.0
15.100000000000001,707.5748091847069,29.6063446182093,0.0,29.50438285053782,0.0,29.504009681308833,0.0
15.15,393.6575519417013,29.594447562030524,0.0,29.492387076166434,0.0,29.4920333341391,0.0
15.200000000000001,372.9970359294423,29.582681826805384,0.0,29.48054703279449,0.0,29.480197370397907,0.0
15.25,381.6549876415906,29.570967200830232,0.0,29.468764709972813,0.0,29.468415496166088,0.0
15.3,380.2505468883905,29.55927869514584,0.0,29.457009091656754,0.0,29.456660601555917,0.0
15.350000000000001,378.4667076742629,29.547619315921768,0.0,29.445283531684698,0.0,29.44493583565133,0.0
15.4,402.65454240281105,29.53601576502323,0.0,29.433617681387457,0.0,29.433269225274184,0.0
15.450000000000001,389.0498171096096,29.524419247592395,0.0,29.42195646410707,0.0,29.421609334710645,0.0
15.5,681.0867406849743,29.51315628411326,0.0,29.410662864201125,0.0,29.410298963502473,0.0
15.55,713.7679292058216,29.501843201509722,0.0,29.39929996621755,0.0,29.398932750557712,0.0
15.600000000000001,731.8323429551895,29.49056211225072,0.0,29.387966703353246,0.0,29.38759869354887,0.0
15.65,395.3246526055115,29.478959251349625,0.0,29.37627372035448,0.0,29.375926407433422,0.0
15.700000000000001,369.8063003404599,29.467490617538328,0.0,29.36474054437066,0.0,29.364397739583758,0.0
15.75,380.15765927133754,29.45607618204567,0.0,29.35326891341878,0.0,29.352926485393702,0.0
15.8,397.66911149186626,29.444705813622413,0.0,29.341843882082628,0.0,29.341501019720905,0.0
15.850000000000001,377.9233053438123,29.433338055186418,0.0,29.33041880428135,0.0,29.330077668148917,0.0
15.9,389.43819428146236,29.42201915513808,0.0,29.31904631735892,0.0,29.318705283092022,0.0
15.950000000000001,392.74634053429344,29.41072892525547,0.0,29.30770310297471,0.0,29.307362462398917,0.0
16.0,686.0960429263288,29.3997663956583,0.0,29.29672048819547,0.0,29.296362873256477,0.0
16.05,699.107119659073,29.388732174261502,0.0,29.285644533596436,0.0,29.28528475390466,0.0
16.1,651.3809898989639,29.37766960747707,0.0,29.274532180510604,0.0,29.274175677560066,0.0
16.150000000000002,374.75612358665717,29.366371555683664,0.0,29.263158503216264,0.0,29.262819557015906,0.0
16.2,382.47431848606846,29.355218465434287,0.0,29.251954690461826,0.0,29.25161786350765,0.0
16.25,372.52216818035157,29.34408448722377,0.0,29.240771819365424,0.0,29.24043631898105,0.0
16.3,401.3241130393164,29.333012836938032,0.0,29.229656325512316,0.0,29.229319823286172,0.0
16.35,370.69858622039374,29.321927753161024,0.0,29.21852273789369,0.0,29.218188531665415,0.0
16.400000000000002,380.5995551330302,29.31089323072102,0.0,29.207444015862087,0.0,29.207110065607157,0.0
16.45,386.307405772861,29.29988983273805,0.0,29.196397463341604,0.0,29.19606376567725,0.0
16.5,721.6190993359917,29.289255343388472,0.0,29.1857571102462,0.0,29.185403890933674,0.0
16.55,678.4620677323084,29.27847466386433,0.0,29.174939234523247,0.0,29.174586915813162,0.0
16.6,717.4474562823244,29.267774812323747,0.0,29.16420783388813,0.0,29.163853942746044,0.0
16.650000000000002,385.1023306101959,29.25674867640069,0.0,29.153111522706325,0.0,29.152777941924366,0.0
16.7,375.18491348952057,29.245869375455378,0.0,29.142188755124913,0.0,29.141858683495013,0.0
16.75,389.6210347426328,29.23504081565706,0.0,29.13132310233365,0.0,29.13099302514536,0.0
16.8,386.99059695573476,29.224232459493148,0.0,29.120477392525192,0.0,29.120148026993366,0.0
16.85,378.9978312284121,29.213444996457753,0.0,29.109652719187665,0.0,29.109324484729775,0.0
16.900000000000002,385.6980208499003,29.202695638781112,0.0,29.098868479264073,0.0,29.09854053686658,0.0
16.95,381.14686403138245,29.1919671738459,0.0,29.08810507277121,0.0,29.087777997620346,0.0
17.0,701.7027601787687,29.18159582717298,0.0,29.077735263823577,0.0,29.077389611434427,0.0
17.05,709.9319601178157,29.171135922870942,0.0,29.06725247526384,0.0,29.066904733653494,0.0
17.1,723.7902522421803,29.160710625743565,0.0,29.056803064003173,0.0,29.05645489583074,0.0
17.150000000000002,372.6218450117316,29.149948245340788,0.0,29.045977419134086,0.0,29.04565082753688,0.0
17.2,406.3303337465627,29.139384128978254,0.0,29.035383243340288,0.0,29.03505766979451,0.0
17.25,365.47912200477504,29.128796794002483,0.0,29.024762708985936,0.0,29.024440141789604,0.0
17.3,383.48214904964425,29.118271018452987,0.0,29.014209835072492,0.0,29.01388709106493,0.0
17.35,390.88317206484584,29.10777375227494,0.0,29.0036860576631,0.0,29.003363389938947,0.0
17.400000000000002,387.80991867735037,29.097297676521777,0.0,28.993183258166646,0.0,28.992861341211693,0.0
17.45,378.7730048017941,29.086840799193077,0.0,28.982699707457712,0.0,28.982378973660044,0.0
17.5,696.8781662446409,29.076739670244663,0.0,28.97260851829709,0.0,28.972269376469146,0.0
17.55,692.6049859801175,29.06653751067892,0.0,28.96239070468339,0.0,28.96205023063695,0.0
17.6,691.1595286458369,29.056358521989505,0.0,28.952194155324964,0.0,28.951854249027253,0.0
17.650000000000002,393.4960209702103,29.045902528337887,0.0,28.941688663379615,0.0,28.9413672227531,0.0
17.7,388.57015485965053,29.03558400505096,0.0,28.931345320454824,0.0,28.93102684135968,0.0
17.75,378.0709040473935,29.025286975393787,0.0,28.92102630605929,0.0,28.92070924199564,0.0
17.8,393.99599875433256,29.015037299446075,0.0,28.91075831395661,0.0,28.9104409912731,0.0
17.85,388.07299520876614,29.004802273573862,0.0,28.900503960491353,0.0,28.90018750165935,0.0
17.900000000000002,393.1286211883897,28.994601228017856,0.0,28.890285319262787,0.0,28.889969202628045,0.0
17.95,391.2962884192362,28.984423028725207,0.0,28.880089781007847,0.0,28.879774352014095,0.0
18.0,687.565074836169,28.9745746688541,0.0,28.87025759284123,0.0,28.869924999882556,0.0
18.05,691.5972843970454,28.964641469641336,0.0,28.860317559914385,0.0,28.85998327106437,0.0
18.1,711.209404076849,28.95474928124036,0.0,28.850418421380095,0.0,28.85008337625024,0.0
18.150000000000002,391.1037026543347,28.944548177997987,0.0,28.84017413006228,0.0,28.839858735293056,0.0
18.2,384.7909840603586,28.934490907053807,0.0,28.830099794188833,0.0,28.829787576472906,0.0
18.25,386.1732738330879,28.92446737007213,0.0,28.820063600021516,0.0,28.819752091026242,0.0
18.3,397.7766489578843,28.914481483431377,0.0,28.810067259255764,0.0,28.80975565721974,0.0
18.35,379.08428611164175,28.904498053048762,0.0,28.800071162694636,0.0,28.799761202542452,0.0
18.400000000000002,390.47097381170045,28.89455940115283,0.0,28.79012331041923,0.0,28.78981339016214,0.0
18.45,382.9780734756611,28.88463482530786,0.0,28.780188728729488,0.0,28.779879785891982,0.0
18.5,696.7347819515917,28.875059414046643,0.0,28.770639117607967,0.0,28.770311985668382,0.0
18.55,716.4816527798079,28.86540779739615,0.0,28.76099059925564,0.0,28.760660697026,0.0
18.6,712.3812452348204,28.855765955364323,0.0,28.75134764361189,0.0,28.751018278085052,0.0
18.650000000000002,393.13509636000646,28.84582441613841,0.0,28.74137059291813,0.0,28.741060969295354,0.0
18.7,398.0547880715433,28.836037437643615,0.0,28.731575559060687,0.0,28.73126843015242,0.0
18.75,385.2100384163276,28.826264606135787,0.0,28.721796559382597,0.0,28.721490902646085,0.0
18.8,391.8195297129497,28.816529048238195,0.0,28.71205750836922,0.0,28.711752138916943,0.0
18.85,381.8973324340655,28.806806343186366,0.0,28.702330556490452,0.0,28.702026331191902,0.0
18.900000000000002,388.2416635248845,28.797119253046205,0.0,28.692641426511198,0.0,28.692337473507468,0.0
18.95,383.6985694563232,28.78745044941614,0.0,28.68297039768947,0.0,28.68266726381531,0.0
19.0,701.4549394748908,28.778133141441586,0.0,28.673686870760463,0.0,28.67336527717185,0.0
19.05,708.9273553815538,28.76872483660257,0.0,28.664287903381624,0.0,28.663964234928343,0.0
19.1,687.7266897514979,28.759312908271436,0.0,28.654880147799748,0.0,28.654558113476273,0.0
19.150000000000002,405.9238727568547,28.749645687654976,0.0,28.645188293598643,0.0,28.644883866569174,0.0
19.200000000000003,374.939826185003,28.740081343928654,0.0,28.635619883019164,0.0,28.635319843001263,0.0
19.25,372.8581138721227,28.730555036404375,0.0,28.626095147263648,0.0,28.625796153610814,0.0
19.3,396.5811087350007,28.721079070998197,0.0,28.616624701822765,0.0,28.616324898359682,0.0
19.35,392.9166269396294,28.711614939061878,0.0,28.607164504842803,0.0,28.60686533563229,0.0
19.400000000000002,391.2411981705216,28.70217493499928,0.0,28.597729046234367,0.0,28.597430566700954,0.0
19.450000000000003,391.28345509264284,28.69276028333885,0.0,28.588319809105766,0.0,28.588021913104946,0.0
19.5,699.8162984072962,28.683685356928397,0.0,28.579284944646265,0.0,28.57896910186116,0.0
19.55,686.5411844277126,28.674501128519246,0.0,28.570114732318714,0.0,28.5697981097667,0.0
19.6,701.1370683729059,28.665357391403468,0.0,28.560985528586382,0.0,28.56066852815096,0.0
19.650000000000002,378.22838288487895,28.65590205815308,0.0,28.551508628855093,0.0,28.551211453340013,0.0
19.700000000000003,394.75119733417756,28.646613085631635,0.0,28.542226893725548,0.0,28.541931511087345,0.0
19.75,383.52942618497866,28.637334163366912,0.0,28.53295627278779,0.0,28.532662162479685,0.0
19.8,376.74502803207497,28.628076785275297,0.0,28.5237080841885,0.0,28.52341502489112,0.0
19.85,381.7861415834701,28.618851458842936,0.0,28.514493839824347,0.0,28.51420109489951,0.0
19.900000000000002,389.1293145427563,28.60965583050321,0.0,28.50531043227752,0.0,28.50501777882554,0.0
19.950000000000003,379.36275447196033,28.600471318384347,0.0,28.496137094109194,0.0,28.495845536061122,0.0
20.0,875.0000000000001,28.591820745682487,0.0,28.48755359983336,0.0,28.487232916495124,0.0
20.05,895.0,28.583021444206878,0.0,28.478783705593038,0.0,28.478458936104786,0.0
20.1,875.0000000000001,28.574211282750955,0.0,28.469995165617913,0.0,28.469671753162586,0.0
20.150000000000002,855.0,28.565411016327488,0.0,28.461216098085142,0.0,28.460894521693234,0.0
20.200000000000003,875.0000000000019,28.556662094396774,0.0,28.452492977222335,0.0,28.452170866004078,0.0
20.25,895.0,28.5479489199845,0.0,28.44380696335386,0.0,28.44348404095005,0.0
20.3,875.0000000000006,28.539230085318756,0.0,28.435111877912025,0.0,28.434790524585967,0.0
20.35,855.0,28.530521073132768,0.0,28.426426453623282,0.0,28.42610694417037,0.0
20.400000000000002,875.0000000000015,28.521863172466762,0.0,28.417796744330204,0.0,28.417476696356463,0.0
20.450000000000003,895.0,28.51324078201811,0.0,28.409203892103825,0.0,28.408883028658952,0.0
20.5,875.000000000001,28.504612494482178,0.0,28.400601718198835,0.0,28.40028241952465,0.0
20.55,855.0,28.49599379320543,0.0,28.392008955975108,0.0,28.391691496873886,0.0
20.6,875.000000000001,28.487425967844104,0.0,28.38347165994336,0.0,28.383153658029272,0.0
20.650000000000002,895.0,28.478893417710324,0.0,28.37497097284259,0.0,28.374652151173603,0.0
20.700000000000003,874.9999999999992,28.470354736112466,0.0,28.36646071659374,0.0,28.366143455419966,0.0
20.75,855.0,28.461825407008405,0.0,28.35795962522114,0.0,28.35764419935304,0.0
20.8,875.0000000000007,28.453346720664264,0.0,28.349513753898236,0.0,28.34919778095824,0.0
20.85,895.0,28.444903077000397,0.0,28.341104246024894,0.0,28.340787449079176,0.0
20.900000000000002,874.9999999999995,28.436453069931854,0.0,28.332684924181194,0.0,28.332369683488068,0.0
20.950000000000003,855.0,28.42801218402167,0.0,28.32427452304889,0.0,28.323961113426996,0.0
21.0,875.0000000000002,28.41962171013941,0.0,28.31591909845691,0.0,28.31560513753689,0.0
21.05,895.0,28.411266048807395,0.0,28.307599794459065,0.0,28.30728500531521,0.0
21.1,875.0,28.402903794541032,0.0,28.299270434287454,0.0,28.298957197186244,0.0
21.150000000000002,855.0,28.394550432502122,0.0,28.290949753274212,0.0,28.290638343042406,0.0
21.200000000000003,875.000000000002,28.386247254157514,0.0,28.282683807896845,0.0,28.282371842173195,0.0
21.25,895.0,28.377978660625175,0.0,28.274453742855993,0.0,28.2741409447229,0.0
21.3,875.0000000000005,28.36970324701466,0.0,28.26621338202886,0.0,28.265902131760914,0.0
21.35,855.0,28.361436499080334,0.0,28.257981461390948,0.0,28.257672033822978,0.0
21.400000000000002,875.0000000000016,28.353219708880115,0.0,28.249804038061416,0.0,28.249494050840262,0.0
21.450000000000003,895.0,28.34503727812144,0.0,28.241662257380852,0.0,28.241351433596943,0.0
21.5,687.6666940665035,28.33665644511249,0.0,28.233297984579412,0.0,28.232999949131656,0.0
21.55,703.6553081723787,28.328393821246934,0.0,28.225070994148506,0.0,28.224773921077077,0.0
21.6,703.6744985666309,28.320148939994645,0.0,28.216862870478966,0.0,28.216566282045786,0.0
21.650000000000002,379.9305682462888,28.311594752201238,0.0,28.208310336862738,0.0,28.208033680034273,0.0
21.700000000000003,380.28961694381684,28.303188547963305,0.0,28.199932883053805,0.0,28.199658958163866,0.0
21.75,387.3204993735764,28.294815006323567,0.0,28.191592372661738,0.0,28.191318694367983,0.0
21.8,370.5191565850268,28.28644353478809,0.0,28.18325224376112,0.0,28.18298005601746,0.0
21.85,370.9253622562345,28.278100743927624,0.0,28.17494271027793,0.0,28.174671133581946,0.0
21.900000000000002,377.8155577874757,28.269786787982575,0.0,28.16666343390989,0.0,28.16639196972294,0.0
21.950000000000003,382.8655284828816,28.261497014382723,0.0,28.15840887970154,0.0,28.158137584969214,0.0
22.0,704.66361348397,28.253555544799866,0.0,28.15053808164709,0.0,28.150247951491224,0.0
22.05,722.1303432542433,28.245528024091573,0.0,28.142557265603823,0.0,28.142264361697052,0.0
22.1,712.8648943480302,28.237501551598164,0.0,28.134572581982106,0.0,28.13428045749978,0.0
22.150000000000002,383.4006147003658,28.229162752250424,0.0,28.12624024886054,0.0,28.125968437508686,0.0
22.200000000000003,384.80983792097317,28.22097476096679,0.0,28.118086441028694,0.0,28.117817330298426,0.0
22.25,374.97470635362197,28.212801296460555,0.0,28.109949526076463,0.0,28.109681658692807,0.0
22.3,384.81486864007616,28.20466311193651,0.0,28.101850477546392,0.0,28.10158260747444,0.0
22.35,382.11341361079866,28.19653970546899,0.0,28.09376572233077,0.0,28.093498462188673,0.0
22.400000000000002,388.227185603381,28.188444673535937,0.0,28.085710665783395,0.0,28.08544356282368,0.0
22.450000000000003,376.7276905644768,28.180356674687033,0.0,28.077661408280097,0.0,28.077395462685832,0.0
22.5,707.7901977136175,28.17263233196152,0.0,28.070013611321976,0.0,28.069728378267058,0.0
22.55,722.9910836950387,28.16481566028504,0.0,28.062248633712002,0.0,28.061960695725997,0.0
22.6,698.3685977731471,28.156984577014274,0.0,28.05446271967161,0.0,28.054176483962575,0.0
22.650000000000002,389.01711722098946,28.148867168661944,0.0,28.046358614688376,0.0,28.046091581822886,0.0
22.700000000000003,391.9014399171112,28.14089388870639,0.0,28.038424983535506,0.0,28.03816042023949,0.0
22.75,380.9877952811417,28.13293267892626,0.0,28.030505342833838,0.0,28.030242057543997,0.0
22.8,387.24092481810425,28.1250029250968,0.0,28.022619383726113,0.0,28.022356306245175,0.0
22.85,385.125924007818,28.117089404535726,0.0,28.01474951033893,0.0,28.014487021929657,0.0
22.900000000000002,385.9767609854884,28.1091981492154,0.0,28.00690260376322,0.0,28.006640575260803,0.0
22.950000000000003,377.2699021614454,28.101318279566637,0.0,27.99906655472922,0.0,27.998805541649556,0.0
23.0,700.3676526138842,28.093792366156155,0.0,27.991621181205215,0.0,27.991341331339516,0.0
23.05,707.4699743686817,28.08616838633576,0.0,27.984052600234328,0.0,27.983770575313983,0.0
23.1,721.7671541169257,28.078572472295345,0.0,27.97651054814797,0.0,27.976227939385833,0.0
23.150000000000002,394.59270826085213,28.070656445147353,0.0,27.96861141945087,0.0,27.968348807048855,0.0
23.200000000000003,406.5318245751156,28.062899728008926,0.0,27.96090001849171,0.0,27.96063942649453,0.0
23.25,377.32652437111955,28.05513251652624,0.0,27.953177402963966,0.0,27.952919120159123,0.0
23.3,393.72320636720684,28.047413598659634,0.0,27.94550781749972,0.0,27.945249245728853,0.0
23.35,386.8334200573836,28.039701766132676,0.0,27.937843949510796,0.0,27.937586180817043,0.0
23.400000000000002,406.8980293321768,28.032033037922268,0.0,27.930226280112134,0.0,27.929967836253805,0.0
23.450000000000003,376.91701714644853,28.024345998157543,0.0,27.92258586748249,0.0,27.922329573744168,0.0
23.5,687.4041723672883,28.01700754677675,0.0,27.915330915031852,0.0,27.915056668993135,0.0
23.55,691.0091103183397,28.009572084121384,0.0,27.907954616680797,0.0,27.907678492219297,0.0
23.6,668.141564135353,28.002127736952087,0.0,27.900564198056536,0.0,27.90028974187977,0.0
23.650000000000002,379.74244978319246,27.994416918484138,0.0,27.89287766919961,0.0,27.892621133570092,0.0
23.700000000000003,377.4086733844631,27.98683571222209,0.0,27.885344745481877,0.0,27.88509082797598,0.0
23.75,386.5039378647621,27.979287772392006,0.0,27.877849388524282,0.0,27.87759555484906,0.0
23.8,388.41755975777164,27.971758085417,0.0,27.87037237519741,0.0,27.87011885288163,0.0
23.85,403.76170839215894,27.96426287535144,0.0,27.86293172956819,0.0,27.862677748576782,0.0
23.900000000000002,394.50423838186055,27.956771798818707,0.0,27.855493350282163,0.0,27.855240295267436,0.0
23.950000000000003,379.230963443376,27.949288071210827,0.0,27.84806168292659,0.0,27.847810078075714,0.0
24.0,686.5237799297746,27.942143772613175,0.0,27.84100499198599,0.0,27.840735527799126,0.0
24.05,707.3787875725976,27.934920655565676,0.0,27.83384716092843,0.0,27.833574788876362,0.0
24.1,680.1965018946904,27.92767704761508,0.0,27.826661710505398,0.0,27.826391136747436,0.0
24.150000000000002,403.3145876585436,27.920179683654997,0.0,27.81919430008632,0.0,27.81894096648907,0.0
24.200000000000003,396.7944012072129,27.912802684200503,0.0,27.81186984539991,0.0,27.811619291591846,0.0
24.25,380.308243478953,27.905433777906747,0.0,27.804555181600268,0.0,27.80430625929133,0.0
24.3,367.8686547090913,27.89807794082255,0.0,27.797254200126748,0.0,27.79700661891191,0.0
24.35,398.53872374165417,27.890777630477658,0.0,27.79001371050421,0.0,27.78976485281243,0.0
24.400000000000002,383.85460154747386,27.883469642659747,0.0,27.782761946765262,0.0,27.78251423291246,0.0
24.450000000000003,397.37816311973467,27.876199872519223,0.0,27.775551218214712,0.0,27.77530324768292,0.0
24.5,676.0835851180844,27.869228682682756,0.0,27.76866913060392,0.0,27.768404809230383,0.0
24.55,691.0093746556934,27.862182904414606,0.0,27.76169153406053,0.0,27.761424835447457,0.0
24.6,700.0786554957728,27.855155813588947,0.0,27.754730191802615,0.0,27.754463159957314,0.0
24.650000000000002,385.4698059376475,27.84782191072053,0.0,27.747426760131628,0.0,27.747178975437365,0.0
24.700000000000003,380.4993452852076,27.840623720246487,0.0,27.740284537839628,0.0,27.740039674863752,0.0
24.75,391.22849932347503,27.833460773962585,0.0,27.73318242705863,0.0,27.73293755898894,0.0
24.8,374.3237957061741,27.82629526003329,0.0,27.726075623350933,0.0,27.72583216661353,0.0
24.85,383.57620514978714,27.819164316498902,0.0,27.719006089434714,0.0,27.718762649900338,0.0
24.900000000000002,386.20295631711906,27.8120512674159,0.0,27.711954512577123,0.0,27.711711317959075,0.0
24.950000000000003,390.14438834058757,27.80495968471815,0.0,27.704924923030827,0.0,27.704681927616992,0.0
25.0,710.6742231713333,27.79821245924985,0.0,27.69827496462659,0.0,27.69801315735063,0.0
25.05,683.130368622432,27.791330594537612,0.0,27.691461403451797,0.0,27.691199471814752,0.0
25.1,676.9882874389657,27.784467415782636,0.0,27.68466549507651,0.0,27.68440440774813,0.0
25.150000000000002,397.7767682189851,27.777339512113745,0.0,27.677575067882923,0.0,27.677331218062527,0.0
25.200000000000003,388.323140119796,27.77032869122606,0.0,27.670623967943733,0.0,27.670383062619873,0.0
25.25,377.5151346344345,27.763331963447808,0.0,27.663689486183298,0.0,27.663449873508565,0.0
25.3,400.51151975522527,27.756381367425174,0.0,27.656805160947528,0.0,27.656564705416187,0.0
25.35,386.15674634292867,27.749425469874,0.0,27.64991254477059,0.0,27.649673247029014,0.0
25.400000000000002,396.7929718406383,27.74250388152609,0.0,27.64305673482869,0.0,27.642817336392195,0.0
25.450000000000003,385.67518481410116,27.735585032710237,0.0,27.636202044144238,0.0,27.635963693070064,0.0
25.5,730.9112188732298,27.729041072545403,0.0,27.629761381489832,0.0,27.62950282696164,0.0
25.55,726.3301126366481,27.722376005479408,0.0,27.6231712607973,0.0,27.62291102910114,0.0
25.6,696.2655377728139,27.71569545835783,0.0,27.61655986983596,0.0,27.616301736639887,0.0
25.650000000000002,394.7157095095436,27.708735880704655,0.0,27.609638905819903,0.0,27.60939949365285,0.0
25.700000000000003,391.45375949585156,27.7019081817319,0.0,27.602874758179624,0.0,27.602638073671155,0.0
25.75,398.68631557532353,27.69511039240808,0.0,27.59614471805039,0.0,27.595908201757485,0.0
25.8,375.350765394199,27.688303843579412,0.0,27.589403302789115,0.0,27.589168587262684,0.0
25.85,391.86051459998447,27.68154087007193,0.0,27.582709471186188,0.0,27.582474363990602,0.0
25.900000000000002,395.58424486849594,27.674793217146448,0.0,27.576030563520927,0.0,27.575795568874366,0.0
25.950000000000003,367.4126051357689,27.668032769451766,0.0,27.569335650658022,0.0,27.569102752492462,0.0
26.0,682.2511223100133,27.661622415849344,0.0,27.563028050972,0.0,27.56277688584658,0.0
26.05,669.4115173335985,27.655094132600073,0.0,27.556575893185755,0.0,27.556323758194036,0.0
26.1,695.9588974833316,27.6486113893315,0.0,27.55017066034964,0.0,27.549917291956483,0.0
26.150000000000002,392.1754225579597,27.641825011275476,0.0,27.543426442343335,0.0,27.543191534650372,0.0
26.200000000000003,400.02357052096033,27.635181631363768,0.0,27.536851027286545,0.0,27.53661816120361,0.0
26.25,385.7409478041978,27.628541408620215,0.0,27.53027965709253,0.0,27.530048163855884,0.0
26.3,401.28615545571296,27.621939932201848,0.0,27.523750331302725,0.0,27.523518439831026,0.0
26.35,371.19898541785113,27.615319090905803,0.0,27.517197509204443,0.0,27.51696775365629,0.0
26.400000000000002,367.96617560644853,27.608723692882464,0.0,27.510672417327562,0.0,27.51044348791546,0.0
26.450000000000003,384.4445230110339,27.602163922229796,0.0,27.504185610721485,0.0,27.50395615874207,0.0
26.5,705.7609817340896,27.595943152689024,0.0,27.498072148322873,0.0,27.497823727013344,0.0
26.55,699.5095787785885,27.589607675423874,0.0,27.491817114419092,0.0,27.491567252181774,0.0
26.6,668.9883684994019,27.58325630144749,0.0,27.485540644007532,0.0,27.485292913016675,0.0
26.650000000000002,384.10879960487216,27.57664227035,0.0,27.478972832248736,0.0,27.478742809860865,0.0
26.700000000000003,371.9553049949515,27.57014368778401,0.0,27.472543027945594,0.0,27.472316134923275,0.0
26.75,391.69672548830044,27.563690185475863,0.0,27.46616441093452,0.0,27.465936972121707,0.0
26.8,388.66598246096856,27.557243020471365,0.0,27.459790754780105,0.0,27.45956379770788,0.0
26.85,375.6012021367265,27.55080028485463,0.0,27.453420467208037,0.0,27.453194729135642,0.0
26.900000000000002,379.8613308266331,27.544383793360037,0.0,27.447078272155473,0.0,27.446852791521323,0.0
26.950000000000003,374.40786478111056,27.537976971570284,0.0,27.440745210446018,0.0,27.44052045488979,0.0
27.0,699.0598135409024,27.53192055652458,0.0,27.43479896277007,0.0,27.434555176619615,0.0
27.05,714.3271348075185,27.52576994211805,0.0,27.428733922749245,0.0,27.428487382363787,0.0
27.1,685.2141093049669,27.51959602794335,0.0,27.4226383963216,0.0,27.422393743470472,0.0
27.150000000000002,390.0404651551785,27.513147687287116,0.0,27.416238290443832,0.0,27.4160119343832,0.0
27.200000000000003,379.69742381627566,27.506820172971228,0.0,27.409982565328924,0.0,27.409759290263455,0.0
27.25,377.0712716773766,27.500513860444265,0.0,27.403751613408126,0.0,27.40352911782099,0.0
27.3,383.9296964004545,27.494232243053062,0.0,27.397546869261376,0.0,27.397324407489553,0.0
27.35,374.64757677580633,27.48795491390062,0.0,27.391345144798954,0.0,27.39112360854671,0.0
27.400000000000002,379.46350694652824,27.481702396098537,0.0,27.38516973352235,0.0,27.38494838262309,0.0
27.450000000000003,373.02122107411157,27.475457848729647,0.0,27.37900154243841,0.0,27.378780961416805,0.0
27.5,729.4708769937458,27.469596140480718,0.0,27.37325614847789,0.0,27.373014625969166,0.0
27.55,700.528953279576,27.46358226984808,0.0,27.367326520389646,0.0,27.367084667702724,0.0
27.6,689.5041173801112,27.45757996845314,0.0,27.361406572519495,0.0,27.36116580382958,0.0
27.650000000000002,387.1397991073423,27.451288939526236,0.0,27.35516584169857,0.0,27.35494368710717,0.0
27.700000000000003,383.87671950309175,27.445128150625468,0.0,27.349080111369602,0.0,27.34886064666451,0.0
27.75,382.7903040046678,27.438987037205937,0.0,27.343017255112663,0.0,27.342798422559156,0.0
27.8,391.1416670004343,27.432871038643462,0.0,27.336980983167496,0.0,27.336762072029945,0.0
27.85,392.5750771004731,27.42676924418155,0.0,27.330958665099118,0.0,27.33074001590685,0.0
27.900000000000002,379.6949885238948,27.420669561951865,0.0,27.32493710219735,0.0,27.324719616027288,0.0
27.950000000000003,379.24181759355326,27.414590295732932,0.0,27.318937193705775,0.0,27.318720226170022,0.0
28.0,695.8742245427253,27.408850644744124,0.0,27.31331212660233,0.0,27.313076565038422,0.0
28.05,665.4711825289662,27.402972369373995,0.0,27.307519401274323,0.0,27.307283863039547,0.0
28.1,677.2721340670217,27.397129643000827,0.0,27.30176331430094,0.0,27.30152751210362,0.0
28.150000000000002,398.6687426744453,27.391013239931915,0.0,27.29570225860498,0.0,27.295483481191862,0.0
28.200000000000003,401.4496771350129,27.385023339375426,0.0,27.289790957642083,0.0,27.28957432403609,0.0
28.25,382.5096396044363,27.379031813326254,0.0,27.28387851946073,0.0,27.283663526786764,0.0
28.3,390.7655696305577,27.373071747198086,0.0,27.278000373198942,0.0,27.27778541868538,0.0
28.35,388.1125015454354,27.367121542151157,0.0,27.272131538118852,0.0,27.271917090949234,0.0
28.400000000000002,415.78880808455244,27.361216070338372,0.0,27.266310867043465,0.0,27.266095168992713,0.0
28.450000000000003,396.1957491143458,27.355295306415847,0.0,27.260470734025525,0.0,27.260256414923806,0.0
28.5,698.0812361277885,27.34970562778785,0.0,27.25499646656327,0.0,27.25476454228266,0.0
28.55,685.6668933909937,27.344001220441168,0.0,27.249381756859528,0.0,27.249148876724927,0.0
28.6,675.9033051961364,27.338303092560427,0.0,27.243770697668204,0.0,27.24353872131428,0.0
28.650000000000002,387.0346363586723,27.33232857177401,0.0,27.23785241554391,0.0,27.237638212529347,0.0
28.700000000000003,377.436492547157,27.32647175116713,0.0,27.232074736880016,0.0,27.23186349327564,0.0
28.75,370.7774629040233,27.320630418291994,0.0,27.226315489288496,0.0,27.226105233362226,0.0
28.8,378.5342711575748,27.31481503521883,0.0,27.220584067419384,0.0,27.22037379355929,0.0
28.85,374.18451996385613,27.309007460296158,0.0,27.21485963609425,0.0,27.214649962229714,0.0
28.900000000000002,401.8714163507257,27.303244915574002,0.0,27.20918378760582,0.0,27.2089728666024,0.0
28.950000000000003,393.81639756949454,27.297478507043,0.0,27.203501173025863,0.0,27.20329093188149,0.0
29.0,699.8804103802507,27.292042584115233,0.0,27.198183323148633,0.0,27.19795513852938,0.0
29.05,722.1991620833504,27.28652526177691,0.0,27.19276171440657,0.0,27.19253044668297,0.0
29.1,701.1605246147143,27.280988718615593,0.0,27.187314106864648,0.0,27.187084167346136,0.0
29.150000000000002,376.3871579867174,27.275142651602284,0.0,27.181522777606663,0.0,27.18131281812048,0.0
29.200000000000003,400.23124077269665,27.269462123406775,0.0,27.17592657511132,0.0,27.175717811676797,0.0
29.25,390.38910043684666,27.26378084057119,0.0,27.17032979074151,0.0,27.170121982449775,0.0
29.3,374.62753845673546,27.258101929930437,0.0,27.164734622877866,0.0,27.16452820629102,0.0
29.35,383.096613219164,27.252452693326923,0.0,27.159171641185253,0.0,27.158965209831813,0.0
29.400000000000002,376.2438174661525,27.246808099515164,0.0,27.153612207060963,0.0,27.153406515464873,0.0
29.450000000000003,371.1720026903567,27.241175612069267,0.0,27.14806501392339,0.0,27.14786004952257,0.0
29.5,713.8926632129746,27.23590993969534,0.0,27.142922999206903,0.0,27.142697879543142,0.0
29.55,728.6412496070519,27.230540481036346,0.0,27.13765097980445,0.0,27.137422969442724,0.0
29.6,679.0214863927129,27.22512473231237,0.0,27.132323013523234,0.0,27.132098073792072,0.0
29.650000000000002,390.6296923669058,27.219447443412356,0.0,27.12670568426574,0.0,27.12649873367768,0.0
29.700000000000003,378.4935743087818,27.213884746524613,0.0,27.121225848769914,0.0,27.12102200748646,0.0
29.75,380.1287461623531,27.208346232873488,0.0,27.115774244288527,0.0,27.115570894764062,0.0
29.8,379.07606075761134,27.202820699225896,0.0,27.110335838421367,0.0,27.11013292694585,0.0
29.85,376.3600923032019,27.197307202496635,0.0,27.10490944497022,0.0,27.104707076175366,0.0
29.900000000000002,385.4852162794483,27.191818473462913,0.0,27.099509240400618,0.0,27.0993067148998,0.0
29.950000000000003,376.6904988358897,27.186331579332926,0.0,27.09410936545014,0.0,27.09390767664167,0.0
30.0,874.999999999999,27.18137131405334,0.0,27.08929174072646,0.0,27.089060567748653,0.0
30.05,895.0,27.1762516467656,0.0,27.08427633079448,0.0,27.084040861800673,0.0
30.1,874.999999999999,27.171111489201497,0.0,27.07923213813478,0.0,27.078997834319072,0.0
30.150000000000002,855.0,27.165971651365485,0.0,27.07418736158642,0.0,27.073954703530344,0.0
30.200000000000003,875.0000000000008,27.16087360861028,0.0,27.069188504776545,0.0,27.068955122035323,0.0
30.25,895.0,27.155801788902256,0.0,27.06421675506019,0.0,27.06398237165652,0.0
30.3,874.9999999999994,27.150714809317943,0.0,27.059225960724913,0.0,27.05899295730015,0.0
30.35,855.0,27.145628177373432,0.0,27.054234881275697,0.0,27.05400353300235,0.0
30.400000000000002,875.0000000000003,27.14058320682693,0.0,27.049289597261488,0.0,27.049057522122116,0.0
30.450000000000003,895.0,27.135564321029555,0.0,27.04437127738805,0.0,27.04413819880814,0.0
30.5,874.9999999999998,27.130530137265943,0.0,27.03943376947317,0.0,27.039202068069734,0.0
30.55,855.0,27.125496163407686,0.0,27.03449583336861,0.0,27.034265784318407,0.0
30.6,875.0,27.120503713572266,0.0,27.029603550005728,0.0,27.02937277129685,0.0
30.650000000000002,895.0,27.115537211469096,0.0,27.024738088473338,0.0,27.024506303536924,0.0
30.700000000000003,874.999999999998,27.110555274740303,0.0,27.01985329697138,0.0,27.019622886430053,0.0
30.75,855.0,27.105573411614003,0.0,27.014967935732674,0.0,27.014739174768803,0.0
30.8,874.9999999999995,27.100632936563205,0.0,27.010128086068672,0.0,27.009898592675903,0.0
30.85,895.0,27.095718273652064,0.0,27.00531491744721,0.0,27.00508441506231,0.0
30.900000000000002,874.9999999999984,27.09078804087643,0.0,27.000482278446256,0.0,27.000253147697386,0.0
30.950000000000003,855.0,27.08585774681717,0.0,26.99564892967559,0.0,26.995421445750775,0.0
31.0,874.9999999999991,27.08096870629926,0.0,26.99086095282274,0.0,26.99063273372114,0.0
31.05,895.0,27.07610534373779,0.0,26.986099517730487,0.0,26.985870286894382,0.0
31.1,874.9999999999989,27.071226277478626,0.0,26.981318473350758,0.0,26.98109061141394,0.0
31.150000000000002,855.0,27.066347016451896,0.0,26.976536580666394,0.0,26.976310362822304,0.0
31.200000000000003,875.0000000000009,27.06150887583073,0.0,26.9717999217368,0.0,26.971572965990198,0.0
31.25,895.0,27.056696280377533,0.0,26.967089666775795,0.0,26.966861696574473,0.0
31.3,874.9999999999993,27.05186784878467,0.0,26.962359665105296,0.0,26.962133061088483,0.0
31.35,855.0,27.04703909032769,0.0,26.957628678077054,0.0,26.95740371544375,0.0
31.400000000000002,875.0000000000005,27.042251320524432,0.0,26.952942788118573,0.0,26.952717084878973,0.0
31.450000000000003,895.0,27.037488964480954,0.0,26.948283165810615,0.0,26.948056445417976,0.0
31.5,704.0568523866975,27.032536026076354,0.0,26.94341024628945,0.0,26.943195150191237,0.0
31.55,699.246428358263,27.027664764491576,0.0,26.9386340205239,0.0,26.938420841299294,0.0
31.6,696.4157792970038,27.0228073504377,0.0,26.933873581250985,0.0,26.933661014286816,0.0
31.650000000000002,375.92436337958407,27.017636449297363,0.0,26.92876490328692,0.0,26.928571922763822,0.0
31.700000000000003,379.2322866943167,27.012606498228653,0.0,26.92382394762006,0.0,26.923633322970556,0.0
31.75,392.55391225825764,27.00760565039974,0.0,26.91891638043559,0.0,26.918725424760627,0.0
31.8,390.00917187624384,27.002610167271552,0.0,26.914013096206666,0.0,26.913822552140132,0.0
31.85,375.22444755201457,26.99761344951747,0.0,26.909107177993924,0.0,26.9089178765127,0.0
31.900000000000002,385.9933230542923,26.992646514293202,0.0,26.90423358609361,0.0,26.90404408454649,0.0
31.950000000000003,392.51387123371796,26.98769519868141,0.0,26.899375717299844,0.0,26.89918609914098,0.0
32.0,674.9589207831795,26.98304267104066,0.0,26.894847202569935,0.0,26.89464092224,0.0
32.050000000000004,708.150402885699,26.978326788082004,0.0,26.890235896214655,0.0,26.890025994421553,0.0
32.1,690.0606436158123,26.97358866174191,0.0,26.88559512993899,0.0,26.885386271997515,0.0
32.15,708.5589800288974,26.968888316915077,0.0,26.88099528769236,0.0,26.880785737335096,0.0
32.2,377.3674084345749,26.963854960421195,0.0,26.876024728869872,0.0,26.875835251429276,0.0
32.25,366.95117899335486,26.958952076736477,0.0,26.871210571136555,0.0,26.871024329241433,0.0
32.300000000000004,368.7245756211684,26.95407159497532,0.0,26.86642302729671,0.0,26.866237239320117,0.0
32.35,385.4808494666139,26.949220509130004,0.0,26.861666985672393,0.0,26.86148053062497,0.0
32.4,387.5972250172149,26.9443777422004,0.0,26.856918243265433,0.0,26.85673188147454,0.0
32.45,375.95683374895594,26.939534708223924,0.0,26.852167743724472,0.0,26.85198239329028,0.0
32.5,709.5788868816607,26.935049572788746,0.0,26.84781287405054,0.0,26.847607911812467,0.0
32.550000000000004,675.0771990659656,26.930411899807385,0.0,26.843274552070042,0.0,26.843069677944094,0.0
32.6,699.0088030202902,26.92582032702528,0.0,26.838784806350784,0.0,26.838578892371064,0.0
32.65,681.8347570035631,26.921214204374188,0.0,26.83427687166581,0.0,26.834072138895248,0.0
32.7,378.48163892197846,26.916316611709572,0.0,26.82944538432622,0.0,26.8292592765574,0.0
32.75,385.4739867131642,26.91155653803104,0.0,26.824777273835068,0.0,26.824593173078625,0.0
32.800000000000004,376.3958663471605,26.906800365890614,0.0,26.82011440729104,0.0,26.819931271670384,0.0
32.85,381.1544445577018,26.90206500227525,0.0,26.815473836107145,0.0,26.815290812032888,0.0
32.9,395.0629280921445,26.897354462082504,0.0,26.810859424980297,0.0,26.81067586666649,0.0
32.95,379.23108130476857,26.892634604611445,0.0,26.806232883620453,0.0,26.80605050517034,0.0
33.0,712.5353816809771,26.88827349194702,0.0,26.80200301281489,0.0,26.801801058171883,0.0
33.050000000000004,683.0543971801358,26.883764813515736,0.0,26.797595259574035,0.0,26.797393088248967,0.0
33.1,707.9470626687292,26.879300942177583,0.0,26.793234476499524,0.0,26.793031165700338,0.0
33.15,721.6235293098686,26.874853271987323,0.0,26.788889510901573,0.0,26.788685512968534,0.0
33.2,360.28355499872714,26.870042532655944,0.0,26.78414046366086,0.0,26.78395834840537,0.0
33.25,377.0310474452953,26.865401142076056,0.0,26.77959214777248,0.0,26.77941183355508,0.0
33.300000000000004,390.7707212718055,26.860783525746115,0.0,26.775071164807464,0.0,26.77489039823096,0.0
33.35,382.9695461395701,26.856164604054026,0.0,26.770547043830064,0.0,26.770366974607395,0.0
33.4,388.71145873371313,26.851566458398583,0.0,26.76604493973548,0.0,26.76586489534495,0.0
33.45,378.9601481328418,26.84696820935252,0.0,26.76154134792856,0.0,26.76136217335891,0.0
33.5,701.2988468120935,26.842714930449873,0.0,26.757419018647344,0.0,26.757220881387745,0.0
33.550000000000004,697.6648414691188,26.83834438453182,0.0,26.753152784564303,0.0,26.752952946124456,0.0
33.6,717.5167309248972,26.834003255239697,0.0,26.748915545007158,0.0,26.748714688610903,0.0
33.65,703.8163126495182,26.82965170212788,0.0,26.7446646556805,0.0,26.74446477109763,0.0
33.7,388.3760266207521,26.824994359478318,0.0,26.740074275504714,0.0,26.739893703149033,0.0
33.75,380.88123033877537,26.820463750513305,0.0,26.73563582865457,0.0,26.735458200080163,0.0
33.800000000000004,380.1239377592751,26.81595068780024,0.0,26.73121845850748,0.0,26.731041387390963,0.0
33.85,380.67441812180385,26.811450449616583,0.0,26.726814373058588,0.0,26.726637601719553,0.0
33.9,388.94452142378304,26.806970201033902,0.0,26.722431247775457,0.0,26.722254292596684,0.0
33.95,380.79015519179745,26.802490104321016,0.0,26.71804677982684,0.0,26.71787057105686,0.0
34.0,704.3466228534462,26.79835526379206,0.0,26.714043824924538,0.0,26.7138485611675,0.0
34.050000000000004,731.1310119796816,26.794133428574455,0.0,26.709930455548925,0.0,26.709731648627976,0.0
34.1,713.0668705514754,26.78989010371591,0.0,26.705788488328416,0.0,26.705590720075612,0.0
34.15,695.1096470174824,26.785646079815812,0.0,26.701644940496713,0.0,26.701448640378278,0.0
34.2,397.01213922163953,26.78111577025812,0.0,26.69718398323539,0.0,26.697005994111073,0.0
34.25,380.91924626978454,26.7766964291063,0.0,26.69285687743729,0.0,26.692682224353383,0.0
34.300000000000004,364.6187546482215,26.772281598946527,0.0,26.688536640794595,0.0,26.688363522966533,0.0
34.35,374.919136890826,26.76789540433802,0.0,26.68424790481007,0.0,26.684074606567087,0.0
34.4,366.2920807897415,26.763508047964436,0.0,26.67995645891124,0.0,26.679783925054483,0.0
34.45,381.48486515958695,26.759150884165425,0.0,26.675697572971412,0.0,26.67552449156331,0.0
34.5,700.2762756878433,26.755124941327384,0.0,26.671803869673344,0.0,26.67161185939625,0.0
34.550000000000004,725.1465596841292,26.751011348494124,0.0,26.667799060606566,0.0,26.6676036384108,0.0
34.6,704.9039106064624,26.746874545534574,0.0,26.663763871520437,0.0,26.663569627425026,0.0
34.65,696.713492067867,26.74274760865509,0.0,26.659738929589384,0.0,26.659545577418694,0.0
34.7,393.29405581183494,26.738324889737278,0.0,26.65538570798182,0.0,26.655210913403835,0.0
34.75,362.8886469099212,26.734000187888967,0.0,26.651152149692,0.0,26.65098157627637,0.0
34.800000000000004,387.35614558108574,26.729726990747785,0.0,26.646978144415094,0.0,26.646806754748294,0.0
34.85,392.7086519388697,26.72546139124124,0.0,26.642810842834162,0.0,26.642639287484798,0.0
34.9,370.2141375422016,26.72118160550198,0.0,26.638626307981074,0.0,26.638456357453002,0.0
34.95,396.43754043206934,26.716948408977707,0.0,26.63449309017106,0.0,26.634322019895492,0.0
35.0,705.0774461124162,26.713031630403115,0.0,26.630708350627753,0.0,26.63051888365712,0.0
35.050000000000004,693.770681291488,26.70899377114597,0.0,26.62677582323835,0.0,26.6265851742787,0.0
35.1,709.4917279915943,26.704983354628418,0.0,26.62287056602788,0.0,26.622679185842127,0.0
35.15,734.060392867066,26.701002433324177,0.0,26.618996172367076,0.0,26.618803480110614,0.0
35.2,386.81866255058503,26.696667508959887,0.0,26.614727453597823,0.0,26.614555699158007,0.0
35.25,387.4822058630034,26.692478684780035,0.0,26.610633154928728,0.0,26.610464036766693,0.0
35.300000000000004,380.4063910045976,26.68829725243684,0.0,26.606548655877987,0.0,26.6063804117346,0.0
35.35,376.50155630535215,26.684125591692638,0.0,26.60247432768159,0.0,26.60230667179589,0.0
35.4,393.3033581654425,26.679983572230253,0.0,26.598431939115336,0.0,26.598263601538044,0.0
35.45,376.4391617409114,26.675828676065404,0.0,26.59437353723508,0.0,26.594206392588692,0.0
35.5,701.0734935582909,26.672022564211535,0.0,26.590700902909116,0.0,26.590514675761078,0.0
35.550000000000004,692.8351382985232,26.66809250416956,0.0,26.5868770069555,0.0,26.58668931613866,0.0
35.6,707.1846973861959,26.664186849375792,0.0,26.583076808771924,0.0,26.582888435495402,0.0
35.65,705.0049315793042,26.66028358422194,0.0,26.579277493908847,0.0,26.579089415723118,0.0
35.7,395.37539944257907,26.656074900859046,0.0,26.575138768787408,0.0,26.57496955139578,0.0
35.75,379.8998360114526,26.651981250146004,0.0,26.571138779460096,0.0,26.57097291345296,0.0
35.800000000000004,382.30125064706635,26.64791025105901,0.0,26.567165873520537,0.0,26.567000401699758,0.0
35.85,375.21236284217696,26.64384198601086,0.0,26.563195093410403,0.0,26.5630303357658,0.0
35.9,380.5570673992389,26.639792518894353,0.0,26.55924432218799,0.0,26.559079582419155,0.0
35.95,388.77300493044856,26.635760020082223,0.0,26.555311095223907,0.0,26.555146117832724,0.0
36.0,711.3548292496803,26.632064314066977,0.0,26.55174946246084,0.0,26.551565351257754,0.0
36.050000000000004,686.1675201373356,26.628227571414957,0.0,26.548017549435446,0.0,26.547832987974108,0.0
36.1,713.0440888015848,26.624434361486866,0.0,26.544331223301747,0.0,26.544145338781167,0.0
36.15,720.3345678820742,26.62064826659295,0.0,26.540650669059726,0.0,26.54046442606804,0.0
36.2,389.1343490322371,26.616530611492887,0.0,26.53660129924657,0.0,26.536435134051,0.0
36.25,403.7679581255807,26.61256674427074,0.0,26.53273439539032,0.0,26.53256991253026,0.0
36.300000000000004,377.26210800896433,26.608584250618566,0.0,26.52884783494757,0.0,26.528685275751112,0.0
36.35,372.5534529668859,26.604617544205727,0.0,26.524978808260542,0.0,26.52481700050472,0.0
36.4,367.2127975109573,26.600657853809857,0.0,26.521116879793368,0.0,26.520955721432983,0.0
36.45,399.96044311489186,26.596744074535188,0.0,26.517304997541448,0.0,26.517142197186654,0.0
36.5,709.8154848453108,26.59314440450067,0.0,26.513838706455292,0.0,26.51365736525162,0.0
36.550000000000004,699.1662299363431,26.58942294762418,0.0,26.510223797360027,0.0,26.510041204062244,0.0
36.6,704.1995293947973,26.58571691993604,0.0,26.506622873057914,0.0,26.506440165895658,0.0
36.65,683.1176642905243,26.581997090890866,0.0,26.503005337252116,0.0,26.502824113372895,0.0
36.7,409.4575197961683,26.578015530278787,0.0,26.499097653426073,0.0,26.498933255267385,0.0
36.75,386.2922118197523,26.574126851720017,0.0,26.495302925846357,0.0,26.495142088670196,0.0
36.800000000000004,386.093947946049,26.570260207580308,0.0,26.491534670311175,0.0,26.491374407862754,0.0
36.85,392.257666238987,26.566410383155173,0.0,26.48778432997493,0.0,26.4876239943563,0.0
36.9,389.8100923173672,26.56256572967304,0.0,26.484038438596084,0.0,26.48387848532784,0.0
36.95,387.23884024279135,26.55872935718639,0.0,26.480300717737006,0.0,26.480141209305454,0.0
37.0,688.1428831683203,26.555211381768476,0.0,26.476914742138614,0.0,26.476737466689336,0.0
37.050000000000004,707.0720253570399,26.551605485983224,0.0,26.473418317934122,0.0,26.473238088290696,0.0
37.1,728.2303674471256,26.548019855376204,0.0,26.469940160518608,0.0,26.469758643950815,0.0
37.15,720.1813006923246,26.544426847330183,0.0,26.466451652303068,0.0,26.46627070481279,0.0
37.2,400.931866266394,26.54051997001541,0.0,26.462614601077924,0.0,26.462453109262338,0.0
37.25,379.8878432356882,26.53672543750788,0.0,26.458913796763095,0.0,26.458756040843276,0.0
37.300000000000004,375.10395179741425,26.532947703478566,0.0,26.455233955267314,0.0,26.455077049729187,0.0
37.35,383.7421307990036,26.529190851231597,0.0,26.451576738139572,0.0,26.451419637662685,0.0
37.4,385.557249122887,26.52544237591143,0.0,26.447927477650207,0.0,26.44777048354632,0.0
37.45,395.94191518470956,26.521713488425153,0.0,26.44429874294397,0.0,26.44414138016682,0.0
37.5,674.6130305542777,26.518274943149336,0.0,26.440990143945424,0.0,26.44081625102003,0.0
37.550000000000004,722.9432547919092,26.514786758954887,0.0,26.43761430293421,0.0,26.437435833324034,0.0
37.6,697.6298815213152,26.511259932105652,0.0,26.434190491464456,0.0,26.434013324751135,0.0
37.65,693.5967839507887,26.507747335908334,0.0,26.430781920081998,0.0,26.430605385072,0.0
37.7,374.8789562473984,26.503920168930737,0.0,26.427024240705496,0.0,26.42686711850976,0.0
37.75,368.45143328134236,26.500219833632517,0.0,26.423418842990056,0.0,26.42326457127017,0.0
37.800000000000004,393.2317058396192,26.496560586058376,0.0,26.41986073995496,0.0,26.419705438283202,0.0
37.85,385.7331796718841,26.492893818315803,0.0,26.41629252041454,0.0,26.416137775104076,0.0
37.9,372.1003910025895,26.48922531638438,0.0,26.412721480101606,0.0,26.412567859816004,0.0
37.95,372.04921227936387,26.485571686151147,0.0,26.40916649139758,0.0,26.40901323707487,0.0
38.0,694.963229510648,26.482257615582753,0.0,26.405986721378053,0.0,26.4058143566204,0.0
38.050000000000004,725.0353228793409,26.478857931428923,0.0,26.402698201283375,0.0,26.402522049122144,0.0
38.1,696.106129729546,26.475422246593038,0.0,26.39936504119326,0.0,26.39919050899616,0.0
38.15,677.4528557032284,26.471987212689665,0.0,26.396032365562956,0.0,26.395859369166853,0.0
38.2,382.5425693591406,26.46826743039567,0.0,26.392384256232837,0.0,26.392229341899682,0.0
38.25,382.27276430252334,26.464671443048974,0.0,26.38888424952855,0.0,26.388731652698386,0.0
38.300000000000004,358.03113357058436,26.461063546752577,0.0,26.38537242644229,0.0,26.385221682659036,0.0
38.35,384.4570513348219,26.457501544959374,0.0,26.381911571607066,0.0,26.381759679050685,0.0
38.400000000000006,382.69065469791326,26.453937082887183,0.0,26.378446138259758,0.0,26.378294441509354,0.0
38.45,391.96206364813423,26.45039178146228,0.0,26.37500080688906,0.0,26.374848814244334,0.0
38.5,727.7343414241802,26.447195136758825,0.0,26.3719403059537,0.0,26.371768353571206,0.0
38.550000000000004,716.8984754432164,26.443865697957875,0.0,26.36871821926439,0.0,26.368544833767253,0.0
38.6,695.9666696416775,26.440523927771277,0.0,26.365479259785285,0.0,26.365307284782375,0.0
38.650000000000006,373.9347409125834,26.436870034278606,0.0,26.361894354216787,0.0,26.36174208287803,0.0
38.7,410.73359803249866,26.43338814261808,0.0,26.35851205119846,0.0,26.358360054874712,0.0
38.75,385.59218434014497,26.429879087525507,0.0,26.35509978520111,0.0,26.35494944591204,0.0
38.800000000000004,385.1392929191295,26.426388148152807,0.0,26.35170749181343,0.0,26.351557600074464,0.0
38.85,384.75874912890004,26.422906379733273,0.0,26.34832458548031,0.0,26.348174985866347,0.0
38.900000000000006,386.9808476076786,26.419436125351016,0.0,26.344953486624174,0.0,26.344804011785328,0.0
38.95,383.55639588076065,26.415970570908836,0.0,26.341586532687867,0.0,26.341437502300963,0.0
39.0,691.3950698967965,26.41282980902176,0.0,26.33857848446667,0.0,26.338411252427054,0.0
39.050000000000004,691.7971158813941,26.409578541753017,0.0,26.335434774040344,0.0,26.33526562963752,0.0
39.1,699.50870094676,26.406339970970397,0.0,26.332301709172736,0.0,26.332132188067483,0.0
39.150000000000006,379.5657522886624,26.402779936959593,0.0,26.328811149356305,0.0,26.328660999227285,0.0
39.2,377.8715421732284,26.39935120141171,0.0,26.325477807927626,0.0,26.325330209799706,0.0
39.25,386.064302276919,26.39594407870935,0.0,26.322170057329465,0.0,26.322022375727098,0.0
39.300000000000004,382.4502278257915,26.392539112475795,0.0,26.318863589659465,0.0,26.318716327811064,0.0
39.35,400.03992988582695,26.389162306173578,0.0,26.31558744191816,0.0,26.315439395898345,0.0
39.400000000000006,358.49030191606994,26.385745097605774,0.0,26.312264903723044,0.0,26.312119480188038,0.0
39.45,395.9150685192247,26.382390914955227,0.0,26.309012743630586,0.0,26.308865602556505,0.0
39.5,718.6912778874645,26.37936117476568,0.0,26.30611782334697,0.0,26.305951315881174,0.0
39.550000000000004,668.8991465138778,26.376163135152147,0.0,26.303022343428783,0.0,26.30285680869,0.0
39.6,694.8596860887948,26.373015537626845,0.0,26.29998120657325,0.0,26.299814533879438,0.0
39.650000000000006,381.2855913400421,26.36954624841484,0.0,26.296581999623427,0.0,26.296434207363973,0.0
39.7,370.9248830528218,26.366196512550527,0.0,26.293326645461974,0.0,26.29318186904081,0.0
39.75,377.2218331240913,26.362869522839688,0.0,26.290098443212237,0.0,26.2899537486639,0.0
39.800000000000004,373.89424154534174,26.359545603320715,0.0,26.286872694689134,0.0,26.286728414849463,0.0
39.85,402.5227044342363,26.35626082184683,0.0,26.28368945169447,0.0,26.283543719520857,0.0
39.900000000000006,394.3567839314747,26.3529652238182,0.0,26.280492164076954,0.0,26.28034696897584,0.0
39.95,397.71555094994164,26.34968448974214,0.0,26.277310502144175,0.0,26.277165391402296,0.0
40.0,875.0000000000001,26.346898634562468,0.0,26.274675976999315,0.0,26.27450243917637,0.0
40.050000000000004,895.0,26.343955709598408,0.0,26.271847422386564,0.0,26.271669601712013,0.0
40.1,875.0000000000024,26.34098685119325,0.0,26.268984635339393,0.0,26.26880786293019,0.0
40.150000000000006,855.0,26.33801265519199,0.0,26.26611542612315,0.0,26.26594017408069,0.0
40.2,874.9999999999998,26.335074604732537,0.0,26.263286295954355,0.0,26.26311019360129,0.0
40.25,895.0,26.332157142305583,0.0,26.26047844705758,0.0,26.260301218651787,0.0
40.300000000000004,874.9999999999982,26.329218899681823,0.0,26.25764574332651,0.0,26.257469769768473,0.0
40.35,855.0,26.326275399039435,0.0,26.254806959865352,0.0,26.254632516587428,0.0
40.400000000000006,875.0000000000039,26.323367968760827,0.0,26.252008192781936,0.0,26.251832898026024,0.0
40.45,895.0,26.320481046783048,0.0,26.249230626299052,0.0,26.249054203749633,0.0
40.5,875.0000000000032,26.317573264938662,0.0,26.246428123710114,0.0,26.24625295424258,0.0
40.550000000000004,855.0,26.314660145609217,0.0,26.243619460300682,0.0,26.243445819349795,0.0
40.6,874.9999999999989,26.31178301738436,0.0,26.240850732394758,0.0,26.240676238205953,0.0
40.650000000000006,895.0,26.308926318407853,0.0,26.23810312443221,0.0,26.23792750069364,0.0
40.7,874.9999999999991,26.30604868071853,0.0,26.23533049992295,0.0,26.235156127513704,0.0
40.75,855.0,26.303165626903606,0.0,26.232551634368633,0.0,26.232378788727036,0.0
40.800000000000004,875.000000000003,26.300318485757863,0.0,26.229812624308572,0.0,26.229638923683797,0.0
40.85,895.0,26.297491695629738,0.0,26.227094654397504,0.0,26.226919822481296,0.0
40.900000000000006,874.9999999999995,26.29464388876207,0.0,26.224351588359607,0.0,26.224178006034712,0.0
40.95,855.0,26.29179058794574,0.0,26.221602201910184,0.0,26.22143014461855,0.0
41.0,874.999999999998,26.288973122178497,0.0,26.21889259180167,0.0,26.218719677796077,0.0
41.050000000000004,895.0,26.286175930011254,0.0,26.21620394290134,0.0,26.21602989587714,0.0
41.1,874.9999999999999,26.28335764388891,0.0,26.2134901191453,0.0,26.213317319988846,0.0
41.150000000000006,855.0,26.280533786803698,0.0,26.210769896460285,0.0,26.210598620617162,0.0
41.2,875.0000000000022,26.277745687954305,0.0,26.208089371809525,0.0,26.207917237536037,0.0
41.25,895.0,26.274977786092034,0.0,26.205429730270588,0.0,26.205256461265698,0.0
41.300000000000004,875.0000000000003,26.272188713861645,0.0,26.202744835989265,0.0,26.202572813142872,0.0
41.35,855.0,26.26939399445477,0.0,26.200053465101387,0.0,26.199882963862663,0.0
41.400000000000006,875.0000000000017,26.266634957268877,0.0,26.19740171477877,0.0,26.19723035340765,0.0
41.45,895.0,26.26389604125358,0.0,26.194770770307024,0.0,26.194598272505953,0.0
41.5,710.8250809606485,26.260968177711433,0.0,26.191928739436598,0.0,26.191767340641263,0.0
41.550000000000004,683.0642234317415,26.258090644891833,0.0,26.189148810065607,0.0,26.18899053984247,0.0
41.6,692.1321960058034,26.25524271830629,0.0,26.186403385720855,0.0,26.186245051173934,0.0
41.650000000000006,389.89374561227925,26.252090361180294,0.0,26.183319854688385,0.0,26.183179821351015,0.0
41.7,372.7787219110806,26.2490456340297,0.0,26.18036672279276,0.0,26.180230021613312,0.0
41.75,392.12998430172394,26.24603868291409,0.0,26.17745764930417,0.0,26.17732026989518,0.0
41.800000000000004,382.5967460184187,26.24302264869629,0.0,26.174537162852406,0.0,26.17440046431438,0.0
41.85,381.25179192450406,26.240016587374328,0.0,26.171627093978245,0.0,26.17149076044253,0.0
41.900000000000006,392.10959968203497,26.237030082105814,0.0,26.168737933848245,0.0,26.168601187918743,0.0
41.95,389.4426331148604,26.234044459791175,0.0,26.16584846119555,0.0,26.16571202629879,0.0
42.0,694.5855075127138,26.231379233089694,0.0,26.163313030493093,0.0,26.163158517534846,0.0
42.050000000000004,717.3899470504638,26.228626175814153,0.0,26.160667255708127,0.0,26.160509474835347,0.0
42.1,683.7840500860016,26.22583366985999,0.0,26.157973596600417,0.0,26.1578177355564,0.0
42.150000000000006,391.1593560694427,26.222762179472806,0.0,26.154971076086447,0.0,26.1548331932882,0.0
42.2,390.9310125796839,26.219812100040357,0.0,26.15211414971993,0.0,26.151978531776898,0.0
42.25,381.9045356068602,26.21686393106169,0.0,26.14926084023029,0.0,26.149126121544572,0.0
42.300000000000004,388.26133022242124,26.213933545148564,0.0,26.146426890785953,0.0,26.146292082601974,0.0
42.35,372.48886423614704,26.2109923385129,0.0,26.143579924045017,0.0,26.14344624467367,0.0
42.400000000000006,394.2402701920691,26.208087059068,0.0,26.140772481857518,0.0,26.140637824860292,0.0
42.45,383.15097863557014,26.20516979028543,0.0,26.137950156579954,0.0,26.137816242387288,0.0
42.5,692.1591546922144,26.202579827673944,0.0,26.13548980184309,0.0,26.135337626637167,0.0
42.550000000000004,715.7351383875533,26.19990122254457,0.0,26.132918126861444,0.0,26.132762609786678,0.0
42.6,689.4348446418586,26.197190097184315,0.0,26.13030620079014,0.0,26.13015215350919,0.0
42.650000000000006,370.91538703636445,26.194170486415743,0.0,26.127352452343043,0.0,26.127217881696453,0.0
42.7,369.43370826476104,26.191280809921157,0.0,26.124554732839016,0.0,26.124422673989372,0.0
42.75,391.06009951345646,26.18842497527371,0.0,26.121796267085898,0.0,26.12166328468275,0.0
42.800000000000004,372.19570647503724,26.185549078971434,0.0,26.11901405462019,0.0,26.11888228137733,0.0
42.85,402.5479418198437,26.182718748452267,0.0,26.116282064748237,0.0,26.11614880795663,0.0
42.900000000000006,364.1807059211628,26.179845070187536,0.0,26.11350014460222,0.0,26.11336920491049,0.0
42.95,401.96456368290046,26.177031994657515,0.0,26.110785816758867,0.0,26.110653077365455,0.0
43.0,703.1652620080392,26.174519731430646,0.0,26.108402627927912,0.0,26.108251779748873,0.0
43.050000000000004,698.5493033219441,26.171892310775974,0.0,26.105878720350038,0.0,26.105726249977476,0.0
43.1,691.8262136978658,26.169263218293217,0.0,26.103349913707454,0.0,26.103197931098418,0.0
43.150000000000006,388.99136114352075,26.166334194124587,0.0,26.100488218973577,0.0,26.100354644862627,0.0
43.2,384.62365297575155,26.16352563597741,0.0,26.097771313685318,0.0,26.097640302405612,0.0
43.25,396.0330188201653,26.16074120332678,0.0,26.095082897833834,0.0,26.094951582723102,0.0
43.300000000000004,386.14227648662046,26.157949670856826,0.0,26.0923855326232,0.0,26.09225495422334,0.0
43.35,386.50301761461884,26.155169492387746,0.0,26.089700235079047,0.0,26.089569910573807,0.0
43.400000000000006,381.3638778778615,26.152391286628557,0.0,26.087016357744375,0.0,26.086886555092843,0.0
43.45,384.4305437627894,26.149625449538725,0.0,26.084345566215767,0.0,26.084215826495953,0.0
43.5,704.6170265333809,26.14719276397754,0.0,26.082042891365315,0.0,26.081894124638904,0.0
43.550000000000004,674.3474741101506,26.144611544744286,0.0,26.079562043428837,0.0,26.079413073932137,0.0
43.6,679.7772186684143,26.142050671552408,0.0,26.077101593230285,0.0,26.076952548126535,0.0
43.650000000000006,392.4326409402272,26.13920109411736,0.0,26.074320414591153,0.0,26.074188772108513,0.0
43.7,386.7086543812795,26.13646426480704,0.0,26.071674788283573,0.0,26.071545673692636,0.0
43.75,383.16016663647326,26.133736439151633,0.0,26.06904084248465,0.0,26.06891231920627,0.0
43.800000000000004,385.184339330654,26.131019336190043,0.0,26.066418305113334,0.0,26.066289902977363,0.0
43.85,388.47581705361677,26.128311945886455,0.0,26.06380567523461,0.0,26.06367727140602,0.0
43.900000000000006,379.60240319690644,26.125601259008867,0.0,26.06118844047496,0.0,26.061060752762135,0.0
43.95,377.2169527459769,26.122898603375194,0.0,26.05857962305142,0.0,26.058452345238567,0.0
44.0,702.9376788264652,26.120536739204212,0.0,26.05634764635563,0.0,26.05620104453117,0.0
44.050000000000004,685.3244083357745,26.11803700613929,0.0,26.053949148765362,0.0,26.05380154458369,0.0
44.1,706.1237913357171,26.115568146617253,0.0,26.051582178032625,0.0,26.051433480854765,0.0
44.150000000000006,367.97416395762167,26.11275235154491,0.0,26.0488292761921,0.0,26.04870091298882,0.0
44.2,395.29155637325647,26.110102451914013,0.0,26.046272716141672,0.0,26.046145237364076,0.0
44.25,389.7259748241305,26.107447053678985,0.0,26.04371086189581,0.0,26.043583885614705,0.0
44.300000000000004,387.5602973431388,26.104798331009977,0.0,26.04115579338666,0.0,26.041029184931325,0.0
44.35,394.8269098394552,26.102164836823256,0.0,26.038616925471782,0.0,26.038490101075627,0.0
44.400000000000006,401.6547444446258,26.099542401357425,0.0,26.036089243830475,0.0,26.03596216271902,0.0
44.45,395.14370065018136,26.096917431737833,0.0,26.033557635156818,0.0,26.033431095678303,0.0
44.5,672.3868865300253,26.094584948553084,0.0,26.031349416464735,0.0,26.03120647819719,0.0
44.550000000000004,680.8063454989644,26.092159916349342,0.0,26.02902685622834,0.0,26.028881686135648,0.0
44.6,690.6277213345649,26.08974482683573,0.0,26.02671199896041,0.0,26.0265662336986,0.0
44.650000000000006,385.2609105021084,26.08702011775404,0.0,26.024052816707403,0.0,26.02392547944459,0.0
44.7,390.1765902046913,26.08442561164745,0.0,26.021549218974442,0.0,26.021423883809256,0.0
44.75,377.7425618684654,26.081826746902447,0.0,26.01904224606438,0.0,26.018917961263625,0.0
44.800000000000004,386.86766764477085,26.07924884596435,0.0,26.016558336488544,0.0,26.016433794998466,0.0
44.85,377.4461706764668,26.07666465782812,0.0,26.014066424090075,0.0,26.013942589995665,0.0
44.900000000000006,378.88482197008057,26.074092227860305,0.0,26.01158706965094,0.0,26.011463409281472,0.0
44.95,370.93338903151783,26.07151793415496,0.0,26.009104887562557,0.0,26.008981897120833,0.0
45.0,686.1515013083365,26.069275409948325,0.0,26.00698973055458,0.0,26.00684807221873,0.0
45.050000000000004,679.724730915755,26.0669102572876,0.0,26.004725423391463,0.0,26.004582158398904,0.0
45.1,685.36190120534,26.064555930988192,0.0,26.00247010596518,0.0,26.0023265777205,0.0
45.150000000000006,395.53641796607843,26.061909477244445,0.0,25.99989011939927,0.0,25.99976411698109,0.0
45.2,375.5060111116806,26.05936157759756,0.0,25.99743009444269,0.0,25.997307481667118,0.0
45.25,411.32382064837395,26.056867965845633,0.0,25.995032547154715,0.0,25.994908250079835,0.0
45.300000000000004,389.93317900880896,26.05434547527608,0.0,25.992601129184592,0.0,25.992478079047007,0.0
45.35,386.8483612369488,26.05183429539405,0.0,25.990182067053272,0.0,25.99005952820691,0.0
45.400000000000006,376.41642219818795,26.049320436277455,0.0,25.987759551158522,0.0,25.987637862636436,0.0
45.45,392.00309879408996,26.046833136725844,0.0,25.985366146038803,0.0,25.985243790079767,0.0
45.5,691.3654326064334,26.044652206382892,0.0,25.983310796493903,0.0,25.983170561762897,0.0
45.550000000000004,701.8301472196804,26.04237161398047,0.0,25.981132204981794,0.0,25.980989443814167,0.0
45.6,738.4012680740319,26.040126860610382,0.0,25.978989762658752,0.0,25.97884476586849,0.0
45.650000000000006,384.03940100275355,26.03751161113943,0.0,25.976434497557353,0.0,25.976310671832568,0.0
45.7,396.4927332628568,26.035052636226297,0.0,25.974065473638916,0.0,25.97394351421711,0.0
45.75,377.96823574874117,26.03258035940379,0.0,25.97168327325926,0.0,25.971562690533734,0.0
45.800000000000004,384.65011509503046,26.030128508598672,0.0,25.96932377995799,0.0,25.96920311846622,0.0
45.85,402.70800635635516,26.027699124367448,0.0,25.966988306808467,0.0,25.96686671449175,0.0
45.900000000000006,378.7303294221224,26.02524452624545,0.0,25.964623392150514,0.0,25.96450330092281,0.0
45.95,403.12448557996936,26.022830322441425,0.0,25.962303287962207,0.0,25.962182079311766,0.0
46.0,710.6162790318322,26.020727339063093,0.0,25.960326371395954,0.0,25.96018673597788,0.0
46.050000000000004,691.562998361586,26.01849109583342,0.0,25.958188624581314,0.0,25.958048169287228,0.0
46.1,709.4861160858328,26.016282856630525,0.0,25.95607947599066,0.0,25.95593810039571,0.0
46.150000000000006,394.72554449626733,26.01375202916489,0.0,25.953611560983074,0.0,25.953489119104788,0.0
46.2,391.218099622172,26.01134584753749,0.0,25.951293446053317,0.0,25.95117356022273,0.0
46.25,369.2977528010955,26.00892849053742,0.0,25.9489648588224,0.0,25.948846642242348,0.0
46.300000000000004,377.7286282417514,26.006534685516666,0.0,25.94666269776692,0.0,25.946544323684208,0.0
46.35,382.524813644485,26.004149015956443,0.0,25.944368661280677,0.0,25.944250138736596,0.0
46.400000000000006,384.2556657089996,26.00176939354201,0.0,25.94208034264051,0.0,25.941961866146862,0.0
46.45,391.2067209755068,25.999402352217093,0.0,25.939805116418114,0.0,25.939686394063067,0.0
46.5,702.6655150139989,25.9973569234058,0.0,25.937885103241893,0.0,25.937747821610447,0.0
46.550000000000004,679.9698346193485,25.99517301851788,0.0,25.935798462559116,0.0,25.935660556248845,0.0
46.6,705.7029677650894,25.993026329268485,0.0,25.93375075991835,0.0,25.933611485068116,0.0
46.650000000000006,391.1058574528383,25.99055407562223,0.0,25.931340722794786,0.0,25.931220315938905,0.0
46.7,390.59790447931044,25.988209227887015,0.0,25.929083490026223,0.0,25.928965450859238,0.0
46.75,395.80780725554627,25.985879592313587,0.0,25.92684490207071,0.0,25.92672687879973,0.0
46.800000000000004,393.3392215454891,25.98355161127878,0.0,25.924607390140814,0.0,25.924489669427665,0.0
46.85,389.5918007922844,25.98122677521694,0.0,25.922372709149176,0.0,25.922255410233333,0.0
46.900000000000006,384.2983428854136,25.97890407391307,0.0,25.920139841865648,0.0,25.920023069180104,0.0
46.95,368.39039066484014,25.976573274769958,0.0,25.917897530725853,0.0,25.91778193279456,0.0
47.0,706.4442732869887,25.97460009060665,0.0,25.91605130067503,0.0,25.915915705694115,0.0
47.050000000000004,703.1153153074466,25.97249799413643,0.0,25.914048171648158,0.0,25.913910612778604,0.0
47.1,704.0736825579306,25.97039980204978,0.0,25.91204612313719,0.0,25.911908532293104,0.0
47.150000000000006,372.23251424179693,25.967967663842554,0.0,25.909673294696972,0.0,25.909555764206875,0.0
47.2,374.1894345959174,25.965672294296976,0.0,25.907464531612195,0.0,25.907349347830607,0.0
47.25,395.5315285333291,25.96340773746698,0.0,25.90529175785416,0.0,25.90517561047145,0.0
47.300000000000004,384.6044484614335,25.961129759463986,0.0,25.903102719156124,0.0,25.90298726647086,0.0
47.35,391.8150069737263,25.958869078669938,0.0,25.90093241008467,0.0,25.900816769082866,0.0
47.400000000000006,385.28318376130466,25.9566049498069,0.0,25.898757364605373,0.0,25.89864224810382,0.0
47.45,385.2975613949575,25.95434919185023,0.0,25.896591097371896,0.0,25.896476199673717,0.0
47.5,714.07425708964,25.95243522433141,0.0,25.894802764333075,0.0,25.894668311954042,0.0
47.550000000000004,692.2593290767394,25.950376716520097,0.0,25.892840481388276,0.0,25.89270522692367,0.0
47.6,701.4418116541148,25.94833765528424,0.0,25.8908973138396,0.0,25.890761661796727,0.0
47.650000000000006,380.37724711294965,25.945972532376835,0.0,25.8885919358019,0.0,25.88847564561295,0.0
47.7,380.6550377256769,25.943738029854995,0.0,25.886443340080767,0.0,25.886329415486145,0.0
47.75,381.90827876531364,25.941514185303426,0.0,25.884308400782945,0.0,25.88419472056158,0.0
47.800000000000004,387.2213377163372,25.939301192989372,0.0,25.88218490848514,0.0,25.882071084148457,0.0
47.85,380.2125137833653,25.93708474723482,0.0,25.88005668513687,0.0,25.87994341934794,0.0
47.900000000000006,397.55756125573527,25.934894453272285,0.0,25.87795697598477,0.0,25.877842889603915,0.0
47.95,376.053926977805,25.932681272501263,0.0,25.8758305851963,0.0,25.875717846198,0.0
48.0,697.1969253375796,25.930810034566697,0.0,25.87408298941721,0.0,25.873951288489277,0.0
48.050000000000004,693.4040341258874,25.928815745693996,0.0,25.872185724226462,0.0,25.87205219870452,0.0
48.1,721.7046682653059,25.926853383552064,0.0,25.870320761536853,0.0,25.870185566943796,0.0
48.150000000000006,386.9655477651158,25.924543189219975,0.0,25.86806858388317,0.0,25.86795342705125,0.0
48.2,395.3184453946864,25.92237678917177,0.0,25.86598818087949,0.0,25.86587498566402,0.0
48.25,370.14439626963036,25.920190898006357,0.0,25.863887828706428,0.0,25.86377640938735,0.0
48.300000000000004,387.67050265869267,25.918038376581595,0.0,25.861824879406907,0.0,25.861712758628855,0.0
48.35,393.8963079562344,25.915891334363685,0.0,25.85976682445326,0.0,25.859654391803918,0.0
48.400000000000006,385.8228398927543,25.91373904586049,0.0,25.85770190596956,0.0,25.857590077699165,0.0
48.45,395.65480375065357,25.91160546347104,0.0,25.85565729656931,0.0,25.855545100648857,0.0
48.5,692.2406732484944,25.909776688229613,0.0,25.85394930294907,0.0,25.853819409407194,0.0
48.550000000000004,721.1402116027837,25.907867302313047,0.0,25.852139409806338,0.0,25.852005881440462,0.0
48.6,734.4834718542887,25.90596195868019,0.0,25.850329817814114,0.0,25.85019529770625,0.0
48.650000000000006,381.37161439560344,25.90369529155625,0.0,25.84811843231303,0.0,25.84800513681139,0.0
48.7,380.54497478599234,25.90157019888224,0.0,25.846077214313798,0.0,25.845966560657835,0.0
48.75,399.5338447711771,25.89947438606488,0.0,25.844070602727086,0.0,25.843959143466318,0.0
48.800000000000004,400.7957214573072,25.897378112431625,0.0,25.84206225045207,0.0,25.84195076072213,0.0
48.85,379.7713997284674,25.895265130897208,0.0,25.840034535890688,0.0,25.839924457463113,0.0
48.900000000000006,380.7981318290415,25.893166827060043,0.0,25.838023237390036,0.0,25.83791340842392,0.0
48.95,382.182153911395,25.891075252632987,0.0,25.83601885493095,0.0,25.83590911226363,0.0
49.0,679.8332423344858,25.8892926395493,0.0,25.834355982911564,0.0,25.83422853084274,0.0
49.050000000000004,686.220220802737,25.887405980327777,0.0,25.832565285682435,0.0,25.83243554376098,0.0
49.1,684.937888498719,25.885517068465596,0.0,25.830768825462158,0.0,25.830639123482477,0.0
49.150000000000006,377.3220243489588,25.88331918060138,0.0,25.828629329822427,0.0,25.828518232691195,0.0
49.2,384.65315112613223,25.881253586184336,0.0,25.826648039789433,0.0,25.826538785595485,0.0
49.25,387.34214732536526,25.879196795796652,0.0,25.82467800781111,0.0,25.82456884607058,0.0
49.300000000000004,400.5050049281408,25.877157799585863,0.0,25.822727031710702,0.0,25.82261722985912,0.0
49.35,375.01645959261214,25.875092962130275,0.0,25.820746237110267,0.0,25.820638036182633,0.0
49.400000000000006,394.84322398476587,25.87306347845359,0.0,25.818804865753126,0.0,25.818695808339193,0.0
49.45,382.860111557745,25.871019660786768,0.0,25.816846369652747,0.0,25.816738068575148,0.0
49.5,699.2580443552135,25.86930879030369,0.0,25.815256352982257,0.0,25.815129297189742,0.0
49.550000000000004,710.122292382499,25.86749114989455,0.0,25.81353485389161,0.0,25.813405111000264,0.0
49.6,683.1591696765655,25.865642902244534,0.0,25.811775876906037,0.0,25.811647671025824,0.0
49.650000000000006,388.82409746184055,25.86350902083667,0.0,25.80970071632797,0.0,25.80959048900919,0.0
49.7,386.66452208213065,25.861492721950057,0.0,25.807767150168164,0.0,25.807659251163702,0.0
49.75,389.92451264008156,25.859489212628613,0.0,25.80584955776731,0.0,25.805741773219875,0.0
49.800000000000004,387.8916864390782,25.857487719191507,0.0,25.803933603734155,0.0,25.803826087566193,0.0
49.85,409.553001399109,25.855514327456927,0.0,25.80204820278668,0.0,25.801939559438402,0.0
49.900000000000006,378.6226001574869,25.853506127332615,0.0,25.800122756226955,0.0,25.80001597925631,0.0
49.95,379.69003044998186,25.851515981920702,0.0,25.79821773824308,0.0,25.798111260387742,0.0
50.0,874.9999999999968,25.85003690992315,0.0,25.796878372924514,0.0,25.796742330043273,0.0
50.050000000000004,895.0,25.848390416376198,0.0,25.795333121716354,0.0,25.7951925900553,0.0
50.1,875.0000000000011,25.846714402854435,0.0,25.79374982441758,0.0,25.793610249619256,0.0
50.150000000000006,855.0,25.845029672699592,0.0,25.792156652929716,0.0,25.79201851491935,0.0
50.2,875.0000000000009,25.843377723916134,0.0,25.790600133501417,0.0,25.790461062211325,0.0
50.25,895.0,25.841743007957206,0.0,25.789061478267662,0.0,25.788921198156,0.0
50.300000000000004,874.999999999997,25.84008416535234,0.0,25.787494560329062,0.0,25.78735545247491,0.0
50.35,855.0,25.83841672701021,0.0,25.78591816394161,0.0,25.78578050395457,0.0
50.400000000000006,875.0000000000005,25.83678203002068,0.0,25.784378394338894,0.0,25.78423980063763,0.0
50.45,895.0,25.83516452100559,0.0,25.78285644484514,0.0,25.78271664129056,0.0
50.5,875.000000000002,25.833522840459633,0.0,25.781306187830488,0.0,25.781167555474084,0.0
50.550000000000004,855.0,25.83187251940389,0.0,25.77974640763307,0.0,25.779609222085213,0.0
50.6,875.0,25.830254895044927,0.0,25.778223209604935,0.0,25.77808508928657,0.0
50.650000000000006,895.0,25.82865441412104,0.0,25.776717787189977,0.0,25.776578455964177,0.0
50.7,874.999999999998,25.827029717243125,0.0,25.775184012877794,0.0,25.775045851798346,0.0
50.75,855.0,25.82539633554819,0.0,25.77364067112571,0.0,25.773503955805264,0.0
50.800000000000004,874.9999999999997,25.823795606358363,0.0,25.77213386740464,0.0,25.77199621626628,0.0
50.85,895.0,25.82221197652723,0.0,25.770644795276873,0.0,25.770505932186026,0.0
50.900000000000006,874.9999999999983,25.820604086780687,0.0,25.76912732735032,0.0,25.76898963336294,0.0
50.95,855.0,25.818987468370416,0.0,25.767600248200132,0.0,25.76746399893107,0.0
51.0,874.9999999999992,25.817403458732937,0.0,25.766109663414756,0.0,25.765972477289377,0.0
51.050000000000004,895.0,25.81583650483592,0.0,25.764636766673835,0.0,25.764498367559707,0.0
51.1,874.9999999999987,25.814245247519054,0.0,25.763135430702107,0.0,25.762998199657428,0.0
51.150000000000006,855.0,25.812645218147537,0.0,25.761624440191383,0.0,25.761488652833233,0.0
51.2,874.9999999999987,25.811077754271018,0.0,25.760149900846415,0.0,25.76001317560233,0.0
51.25,895.0,25.809527302970167,0.0,25.758693006462813,0.0,25.758555067202558,0.0
51.300000000000004,874.9999999999992,25.807952505197242,0.0,25.75720762988103,0.0,25.757070857665024,0.0
51.35,855.0,25.806368892429727,0.0,25.75571255590823,0.0,25.755577226355722,0.0
51.400000000000006,875.0000000000028,25.804817802329346,0.0,25.754253890364215,0.0,25.754117621904932,0.0
51.45,895.0,25.80328368208846,0.0,25.75281282715937,0.0,25.752675343665288,0.0
51.5,690.6528921036286,25.801536865725605,0.0,25.75113465871333,0.0,25.75100940661778,0.0
51.550000000000004,691.6678432125962,25.7998745004715,0.0,25.749557478551207,0.0,25.74943368992058,0.0
51.6,690.4391930904022,25.798217145805207,0.0,25.747986853739512,0.0,25.747863351155196,0.0
51.650000000000006,396.8901653110756,25.796264795051126,0.0,25.746089051227255,0.0,25.74598330878865,0.0
51.7,399.2050424798986,25.794433535278554,0.0,25.744336562215032,0.0,25.744232851511647,0.0
51.75,379.2925370625053,25.792589162613407,0.0,25.74257120668922,0.0,25.74246895743894,0.0
51.800000000000004,376.67644426895777,25.79075471218704,0.0,25.740817186326794,0.0,25.740715387551404,0.0
51.85,389.7141555638641,25.788939607093752,0.0,25.739084273053567,0.0,25.738981868882984,0.0
51.900000000000006,379.47776955719036,25.787113771615342,0.0,25.737338393572,0.0,25.737236664258557,0.0
51.95,391.32931817755514,25.785308620038673,0.0,25.73561514340547,0.0,25.735512916248453,0.0
52.0,703.0438453127695,25.783822113247105,0.0,25.734243856163378,0.0,25.734122988846412,0.0
52.050000000000004,677.2638382750415,25.78219237092649,0.0,25.732700768300234,0.0,25.732579420766374,0.0
52.1,723.2125780199509,25.780620237675908,0.0,25.731219468163047,0.0,25.731095522996583,0.0
52.150000000000006,402.95877673095526,25.778707473542042,0.0,25.729358501846093,0.0,25.729253588300523,0.0
52.2,378.8721130951562,25.77689853060027,0.0,25.727624425007058,0.0,25.727523286656247,0.0
52.25,381.12298440064023,25.775109562676544,0.0,25.72591538782467,0.0,25.725814571625925,0.0
52.300000000000004,387.8586539072491,25.773331656511143,0.0,25.72421829533584,0.0,25.724117224997475,0.0
52.35,388.3445678998703,25.771556264052105,0.0,25.722523142031907,0.0,25.722422141930636,0.0
52.400000000000006,391.5854427267284,25.769788548501086,0.0,25.720835840410178,0.0,25.720734784753606,0.0
52.45,405.10204538766357,25.76803798927909,0.0,25.719166827726806,0.0,25.719065082844192,0.0
52.5,697.3457915875892,25.766585249606337,0.0,25.71782655551499,0.0,25.717707317696586,0.0
52.550000000000004,688.0255413319233,25.76501351220708,0.0,25.716342101262747,0.0,25.71622152547203,0.0
52.6,679.310211579782,25.76343724473285,0.0,25.71485011245698,0.0,25.714730111736046,0.0
52.650000000000006,377.69069960058084,25.761560368460543,0.0,25.71302486638107,0.0,25.712923148326478,0.0
52.7,384.66873027126206,25.759812356856944,0.0,25.711353940229188,0.0,25.71125402771908,0.0
52.75,402.9455786351779,25.75808831454566,0.0,25.709711125331616,0.0,25.709610348513888,0.0
52.800000000000004,379.8238870096383,25.75633810315193,0.0,25.708038130499947,0.0,25.7079387620737,0.0
52.85,387.23787951638906,25.75460877267616,0.0,25.706388481829446,0.0,25.70628896272161,0.0
52.900000000000006,384.8357710392725,25.752878887601245,0.0,25.704737529534373,0.0,25.704638255992126,0.0
52.95,396.8839327344809,25.751166675534122,0.0,25.703105635831545,0.0,25.703005795061344,0.0
53.0,737.9039863881043,25.7498026376082,0.0,25.701858370251564,0.0,25.7017381188394,0.0
53.050000000000004,692.0369684061952,25.748263178643708,0.0,25.70040249903411,0.0,25.70028276217748,0.0
53.1,692.6584083622266,25.746742232732235,0.0,25.6989657052932,0.0,25.698846209134945,0.0
53.150000000000006,395.4416087706908,25.744921816758144,0.0,25.697196819251403,0.0,25.697095288478405,0.0
53.2,391.81891489626315,25.743217491460655,0.0,25.695567883881502,0.0,25.695468756842168,0.0
53.25,403.46707325736037,25.74153430033228,0.0,25.693964316960265,0.0,25.693864790670844,0.0
53.300000000000004,390.8392818532597,25.73983823766969,0.0,25.692345658283134,0.0,25.69224695773265,0.0
53.35,381.40707909212944,25.7381417241478,0.0,25.690726367411088,0.0,25.69062845451889,0.0
53.400000000000006,390.9065483069231,25.736463130740614,0.0,25.689126842715737,0.0,25.689028569802076,0.0
53.45,396.08703580582915,25.7347906432725,0.0,25.687533227934807,0.0,25.687434722003704,0.0
53.5,712.3072327179605,25.73344342196278,0.0,25.686299067150493,0.0,25.686181678511513,0.0
53.550000000000004,707.6091104666094,25.73197246198982,0.0,25.684914599293695,0.0,25.68479542658612,0.0
53.6,716.0001203438374,25.73051212344322,0.0,25.683539031416363,0.0,25.683419356874055,0.0
53.650000000000006,396.69295590445677,25.728726124172226,0.0,25.681801747412553,0.0,25.681701287873423,0.0
53.7,398.82158991037534,25.727070448058534,0.0,25.680220991926777,0.0,25.680122735330357,0.0
53.75,391.4870988758965,25.725414411364977,0.0,25.67864174805442,0.0,25.67854419831117,0.0
53.800000000000004,383.3288191968315,25.723757287041003,0.0,25.677061201638345,0.0,25.67696433591578,0.0
53.85,386.46713686433327,25.722110935476298,0.0,25.67549243539276,0.0,25.6753955781451,0.0
53.900000000000006,397.06508966508363,25.720478585480176,0.0,25.67393857697148,0.0,25.67384120233301,0.0
53.95,376.8306432901277,25.718825690135375,0.0,25.67236097314484,0.0,25.672264874220186,0.0
54.0,705.5300996330935,25.717520576995117,0.0,25.67116877587914,0.0,25.67105321784909,0.0
54.050000000000004,694.0999178150896,25.716080197732587,0.0,25.669813215199117,0.0,25.6696962003748,0.0
54.1,700.4311723440222,25.71465072835137,0.0,25.66846706776985,0.0,25.668349714173196,0.0
54.150000000000006,397.78451862607307,25.712913405977275,0.0,25.66677906918485,0.0,25.666679945776096,0.0
54.2,386.91099068019906,25.711286575605765,0.0,25.66522499594204,0.0,25.665128739323404,0.0
54.25,385.4643654815616,25.709670167104118,0.0,25.663684777004196,0.0,25.663588953813406,0.0
54.300000000000004,371.4014385902009,25.708044399627674,0.0,25.662133962969513,0.0,25.662039140728997,0.0
54.35,392.46253566027224,25.70644985350603,0.0,25.66061778533373,0.0,25.660521932050024,0.0
54.400000000000006,391.4548418114108,25.704850447276616,0.0,25.659094960492443,0.0,25.658999162247525,0.0
54.45,406.63254723305465,25.70327087225987,0.0,25.657593449310784,0.0,25.657496870598827,0.0
54.5,695.383326475705,25.701984501281903,0.0,25.656415567578694,0.0,25.656301683526635,0.0
54.550000000000004,703.2872549149591,25.700597626998317,0.0,25.655114161997073,0.0,25.654997917698406,0.0
54.6,703.7407552556614,25.69920847885444,0.0,25.653807103217513,0.0,25.65369075354058,0.0
54.650000000000006,400.7745327976348,25.697513114251976,0.0,25.652160118768794,0.0,25.65206204798142,0.0
54.7,384.04704467613055,25.695922336842262,0.0,25.650640580509627,0.0,25.650545729225737,0.0
54.75,387.79021525770344,25.694349459775008,0.0,25.649143430462193,0.0,25.649048739022053,0.0
54.800000000000004,391.07896509716545,25.692782892761755,0.0,25.64765289121509,0.0,25.64755812311541,0.0
54.85,386.86609123156364,25.691214802768336,0.0,25.64615999726108,0.0,25.64606558916198,0.0
54.900000000000006,380.53566385449477,25.689645929297047,0.0,25.644665853626986,0.0,25.64457198362448,0.0
54.95,386.94089992898313,25.688090188560796,0.0,25.643186019301037,0.0,25.643091941084386,0.0
55.0,716.1044762478966,25.686872335211586,0.0,25.64207972469075,0.0,25.64196597749446,0.0
55.050000000000004,684.6022705088341,25.68549800764117,0.0,25.64078637556536,0.0,25.640672355006974,0.0
55.1,701.9945451122031,25.684153470689576,0.0,25.639524160613256,0.0,25.639409269689327,0.0
55.150000000000006,377.9987918506083,25.682474998650772,0.0,25.6378909416548,0.0,25.637795489523022,0.0
55.2,396.9504662892485,25.68094547497842,0.0,25.636435042485168,0.0,25.636340805199968,0.0
55.25,369.7681309521623,25.67938852670165,0.0,25.634950068224423,0.0,25.634857606849256,0.0
55.300000000000004,379.4107815272842,25.677855907468384,0.0,25.633492638325954,0.0,25.633399914683594,0.0
55.35,388.7721187506453,25.676333423470624,0.0,25.632045750172253,0.0,25.631952539286733,0.0
55.400000000000006,400.6552402923435,25.674823325932888,0.0,25.630611631694368,0.0,25.630517767127134,0.0
55.45,384.3424973892702,25.673295795726453,0.0,25.62915713754943,0.0,25.629064292404262,0.0
55.5,691.6720070996021,25.67209235679841,0.0,25.6280616695403,0.0,25.627950611178612,0.0
55.550000000000004,728.2173560416088,25.670810618543424,0.0,25.626866792971917,0.0,25.62675153597784,0.0
55.6,678.2797914937563,25.66946357216399,0.0,25.62559518590382,0.0,25.625482635922566,0.0
55.650000000000006,363.0119404337992,25.667816804769675,0.0,25.62399264865685,0.0,25.623899445798102,0.0
55.7,389.4001445005334,25.6663238650679,0.0,25.622572996564976,0.0,25.62248052939803,0.0
55.75,379.97945775647395,25.66481859347173,0.0,25.621140663351653,0.0,25.621048850272555,0.0
55.800000000000004,374.7876718286929,25.663315401330536,0.0,25.619710466578777,0.0,25.619619152355327,0.0
55.85,392.0835644729936,25.661835909193265,0.0,25.61830629522871,0.0,25.61821410896501,0.0
55.900000000000006,387.438007137712,25.660348899378715,0.0,25.6168926476064,0.0,25.61680074846508,0.0
55.95,379.35921369263275,25.658859119404973,0.0,25.61547548117655,0.0,25.615384216045186,0.0
56.0,680.7954340199366,25.65768431117824,0.0,25.614407047412275,0.0,25.61429787112413,0.0
56.050000000000004,713.0868599242021,25.65642897644665,0.0,25.613236926645392,0.0,25.61312384243366,0.0
56.1,709.7530176693799,25.65515758045768,0.0,25.612044846813944,0.0,25.6119317024785,0.0
56.150000000000006,384.0082413622062,25.653557576741573,0.0,25.61048802188189,0.0,25.610394529677986,0.0
56.2,403.4663699604767,25.65210772526648,0.0,25.609110073120068,0.0,25.60901777932339,0.0
56.25,374.29915233673853,25.650628044270878,0.0,25.60770040935768,0.0,25.607610002434793,0.0
56.300000000000004,369.7447482907527,25.649158752003505,0.0,25.606302946519765,0.0,25.60621313723818,0.0
56.35,378.08091930118763,25.647703899970054,0.0,25.604921398131424,0.0,25.60483125710668,0.0
56.400000000000006,384.5441398364451,25.646256280901692,0.0,25.603547086023813,0.0,25.603456625639158,0.0
56.45,387.43339449322696,25.644812795045492,0.0,25.602176538084823,0.0,25.60208597853439,0.0
56.5,696.3814591321551,25.64368746473865,0.0,25.601157736660333,0.0,25.60104873145979,0.0
56.550000000000004,705.2808309477144,25.642454548108486,0.0,25.60000689201405,0.0,25.59989532217162,0.0
56.6,681.2269086371433,25.641193310849125,0.0,25.598821389741232,0.0,25.59871115876728,0.0
56.650000000000006,399.43764604073266,25.639656622568904,0.0,25.59733104246663,0.0,25.59723797783179,0.0
56.7,384.17848821607436,25.63821768965857,0.0,25.59595996063861,0.0,25.595869881907397,0.0
56.75,396.1729583158813,25.63680388836106,0.0,25.594619102998436,0.0,25.59452865885723,0.0
56.800000000000004,388.4272534637771,25.63538149314989,0.0,25.593268035946636,0.0,25.593178108031182,0.0
56.85,389.5675321915379,25.63396684306971,0.0,25.59192529561753,0.0,25.591835467922763,0.0
56.900000000000006,390.6976728023221,25.632556680980453,0.0,25.590587054467523,0.0,25.590497274010097,0.0
56.95,389.4770856001732,25.631148503101038,0.0,25.589250479164804,0.0,25.589160883167835,0.0
57.0,709.6408413980132,25.63007149927859,0.0,25.58828029166675,0.0,25.58817160495131,0.0
57.050000000000004,719.9372879519865,25.62888391791687,0.0,25.58717434494499,0.0,25.587062930927438,0.0
57.1,702.9478175455221,25.627674446795,0.0,25.586040731649167,0.0,25.585930214147336,0.0
57.150000000000006,392.09003757588516,25.626156942615125,0.0,25.584565894755155,0.0,25.58447423462661,0.0
57.2,384.1026430571278,25.62475574148811,0.0,25.58323198457122,0.0,25.583143068705002,0.0
57.25,399.40117215449476,25.623380462858268,0.0,25.581929121042265,0.0,25.581839601862733,0.0
57.300000000000004,378.23607697940736,25.621981430511312,0.0,25.580599091148958,0.0,25.580510865576287,0.0
57.35,403.00940432910824,25.62061937710858,0.0,25.579310286438194,0.0,25.579220831492353,0.0
57.400000000000006,384.5984204935566,25.619232718214448,0.0,25.577992923904763,0.0,25.577904528893985,0.0
57.45,370.6922489788196,25.617842322765227,0.0,25.576671501398106,0.0,25.576584174349417,0.0
57.5,701.9215662236618,25.61679948277105,0.0,25.57573527193752,0.0,25.57562828450817,0.0
57.550000000000004,689.7842251378768,25.61561892865963,0.0,25.574632901754743,0.0,25.574524461740975,0.0
57.6,712.6096532348308,25.61446569804918,0.0,25.573558202063236,0.0,25.57344841825032,0.0
57.650000000000006,378.4737602069761,25.612965351236117,0.0,25.572097576037557,0.0,25.572007779455436,0.0
57.7,380.53816566785224,25.611600094105125,0.0,25.57079932141185,0.0,25.570711806983237,0.0
57.75,366.10459269054473,25.610226656072207,0.0,25.569494109808684,0.0,25.56940771489224,0.0
57.800000000000004,380.4769368075093,25.60887716118188,0.0,25.568215693531563,0.0,25.568128659811595,0.0
57.85,360.7612067337105,25.607505652203287,0.0,25.566911976080416,0.0,25.566826149409692,0.0
57.900000000000006,369.16097176514285,25.606153773668122,0.0,25.5656302206063,0.0,25.565544136179835,0.0
57.95,392.60414656144303,25.60482633742959,0.0,25.56437488837145,0.0,25.564287463516408,0.0
58.0,711.7870023797625,25.603819240790607,0.0,25.56347292655559,0.0,25.563366292024977,0.0
58.050000000000004,706.3818634267744,25.60268544162859,0.0,25.562417202881136,0.0,25.56230877374075,0.0
58.1,685.4953578530618,25.60153171142237,0.0,25.561336623838656,0.0,25.56122942907263,0.0
58.150000000000006,384.52288643858026,25.60008158774684,0.0,25.559928012867264,0.0,25.55983911242455,0.0
58.2,384.96397460909435,25.598752424677972,0.0,25.558665149382904,0.0,25.558578417014676,0.0
58.25,373.41635310807465,25.597418199992592,0.0,25.55739861753285,0.0,25.55731282585389,0.0
58.300000000000004,400.0339830176716,25.59611921489667,0.0,25.556171284294248,0.0,25.55608409585125,0.0
58.35,393.7736229057568,25.594807056180525,0.0,25.554927939175506,0.0,25.554841060559472,0.0
58.400000000000006,382.79035826170343,25.59348922527074,0.0,25.55367790263944,0.0,25.553591826469543,0.0
58.45,385.26885838994536,25.592181677323097,0.0,25.552439278699648,0.0,25.552353244003488,0.0
58.5,703.1257421192133,25.591201393027653,0.0,25.551562690683422,0.0,25.551457676803476,0.0
58.550000000000004,669.3739769736356,25.59006613946,0.0,25.550501269903865,0.0,25.550396180289866,0.0
58.6,696.292339262191,25.588970784485763,0.0,25.549482429627236,0.0,25.54937590165382,0.0
58.650000000000006,378.1801575200221,25.587543196884795,0.0,25.548094181566814,0.0,25.548006657347056,0.0
58.7,374.98379990105093,25.586238894472004,0.0,25.546854585306708,0.0,25.546769542566956,0.0
58.75,382.18899707114053,25.584950208086692,0.0,25.545634490586302,0.0,25.54554929291611,0.0
58.800000000000004,402.97686526849526,25.583683476198907,0.0,25.54443817430167,0.0,25.544351799658962,0.0
58.85,391.40842861267015,25.582400108559376,0.0,25.543222107042084,0.0,25.54313638993977,0.0
58.900000000000006,379.2882101021721,25.581111946667466,0.0,25.542000579075808,0.0,25.541915769172903,0.0
58.95,390.72582781356164,25.57984364428179,0.0,25.54080117066656,0.0,25.540715872718238,0.0
59.0,720.99033154879,25.578911724573544,0.0,25.539973561552227,0.0,25.539868475843047,0.0
59.050000000000004,713.8695052436915,25.577847008435544,0.0,25.53898512219952,0.0,25.538878269044176,0.0
59.1,700.8944555488026,25.576770804585692,0.0,25.537981186152393,0.0,25.537875094235957,0.0
59.150000000000006,378.5306322229443,25.575373107883504,0.0,25.5366211270939,0.0,25.53653455360305,0.0
59.2,391.98223313613596,25.57411771478156,0.0,25.53543126892228,0.0,25.535346221945343,0.0
59.25,388.9348538542176,25.572860955813567,0.0,25.534241499885283,0.0,25.5341567980451,0.0
59.300000000000004,393.9519322002774,25.57161373888826,0.0,25.53306205148082,0.0,25.53297717961856,0.0
59.35,391.35171801681975,25.57036521130808,0.0,25.53188054049559,0.0,25.531795899032524,0.0
59.400000000000006,395.4955271531934,25.569125123978903,0.0,25.53070800862255,0.0,25.530623241471424,0.0
59.45,379.64764788439436,25.567870507573026,0.0,25.529518801004,0.0,25.529435064424746,0.0
59.5,719.7609109845149,25.56697267092325,0.0,25.528724953187158,0.0,25.528621016450714,0.0
59.550000000000004,702.963994070386,25.565928558259387,0.0,25.527755167185177,0.0,25.52764998577391,0.0
59.6,731.128913089379,25.56491857000596,0.0,25.526820738758026,0.0,25.52671391052213,0.0
59.650000000000006,378.1081218191044,25.563539784684917,0.0,25.5254762254289,0.0,25.52539047214695,0.0
59.7,402.35963803165254,25.56232568564044,0.0,25.52432761952677,0.0,25.524242934813724,0.0
59.75,386.9791078346265,25.561093670009157,0.0,25.523160569759074,0.0,25.523076905940595,0.0
59.800000000000004,378.4858199638556,25.559861991951202,0.0,25.521994077273256,0.0,25.521911132980343,0.0
59.85,380.16114165945686,25.558638696332025,0.0,25.52083690140433,0.0,25.520754028165335,0.0
59.900000000000006,381.7965269180568,25.557419716156346,0.0,25.519684086536827,0.0,25.519601213786252,0.0
59.95,389.2416594640192,25.55621087218911,0.0,25.518541998484853,0.0,25.518458772632474,0.0
60.0,874.999999999998,25.555498473987615,0.0,25.51794906709045,0.0,25.517836736493205,0.0
